iterations,rate,period_us,quota_us,workers,pattern,burst_low,burst_high,load,trial,run_id,order,timestamp,segment_raw,p99_ms,p95_ms,p50_ms,successful_rps,scheduled,success,errors,rejected,lag_p99_ms,cpu_cores,throttle_fraction,nr_throttled,start_temp_c,mean_temp_c,max_temp_c,monitor_samples,drain_elapsed_s,host_cpu_pct,client_cpu_peak_pct,power_variant,segment,failure_fraction,log_p99,cell
44000,66.59,50000,25000,4,bursty,33.295,99.885,moderate,2,p50000_w4_moderate_bursty_r2,1,1790007615.3142097,0,6.481113,6.248935,5.647641,66.59815316883441,3996,3996,0,0,1.07355,0.3219894616077704,0.0008333333333333334,1,42.61538461538461,46.50646551724138,49.375,58,60.001663858,3.62448275862069,12.75,44a214c22e,1,0.0,1.8688922548745097,50000_4_moderate_bursty
44000,113.21,250000,125000,4,bursty,56.605,169.815,high,5,p250000_w4_high_bursty_r5,2,1790007782.1640587,0,1140.122738,874.070248,197.90829,111.94394994922065,6793,6793,0,0,1.063106,0.42322198005333467,0.6008230452674898,146,42.59615384615385,55.144067796610166,57.125,59,60.682153909,4.431694915254237,6.73,44a214c22e,1,0.0,7.038891200505371,250000_4_high_bursty
44000,113.21,10000,5000,2,bursty,56.605,169.815,high,3,p10000_w2_high_bursty_r3,3,1790007955.6896904,0,1329.266,1307.010878,870.380612,91.21788733898937,6793,5593,0,1200,1.057263,0.44536388314507364,0.7615786040443575,4670,42.88461538461539,46.5375,48.125,60,61.314728538,4.9398333333333335,6.86,44a214c22e,1,0.17665243633151773,7.192382189174898,10000_2_high_bursty
44000,66.59,50000,25000,2,bursty,33.295,99.885,moderate,5,p50000_w2_moderate_bursty_r5,4,1790008128.8297968,0,6.477912,6.265931,5.667997,66.59848567253303,3996,3996,0,0,1.071519,0.32238362771058754,0.005833333333333334,7,42.57692307692308,45.50431034482759,47.625,58,60.00136429,3.532586206896552,4.95,44a214c22e,1,0.0,1.8683982362172264,50000_2_moderate_bursty
44000,113.21,10000,5000,2,steady,56.605,169.815,high,3,p10000_w2_high_steady_r3,5,1790008309.9503698,0,83.750214,60.48994,8.905752,113.21486376902092,6793,6793,0,0,1.056369,0.4918890854963498,0.8223629395100817,4935,42.15384615384615,48.775862068965516,50.5,58,60.000955474,5.5775862068965525,14.29,44a214c22e,1,0.0,4.427838725925792,10000_2_high_steady
44000,113.21,0,0,1,steady,56.605,169.815,high,1,p0_w1_high_steady_r1,6,1790008526.0653548,0,5.966366,5.695585,4.996368,113.21498219000648,6793,6793,0,0,1.061901,0.48854184951261576,0.0,0,42.15384615384615,48.3448275862069,50.5,58,60.000892714,4.80448275862069,4.76,44a214c22e,1,0.0,1.7861380318474749,0_1_high_steady
44000,113.21,250000,125000,1,steady,56.605,169.815,high,3,p250000_w1_high_steady_r3,7,1790008707.0686698,0,5.943869,5.689194,4.988738,113.21436459219373,6793,6793,0,0,1.060565,0.48909370422201925,0.029166666666666667,7,42.45192307692308,48.4375,50.0,58,60.001220026,4.803965517241379,5.88,44a214c22e,1,0.0,1.7823602681416395,250000_1_high_steady
44000,66.59,100000,50000,1,steady,33.295,99.885,moderate,1,p100000_w1_moderate_steady_r1,8,1790008878.065436,0,6.601416,6.354267,5.815155,66.59945555500079,3996,3996,0,0,1.08147,0.3276181836331428,0.0,0,42.63461538461539,45.939655172413794,49.5,58,60.000490495,3.7070689655172417,5.77,44a214c22e,1,0.0,1.8872841714753406,100000_1_moderate_steady
44000,113.21,10000,5000,1,bursty,56.605,169.815,high,5,p10000_w1_high_bursty_r5,9,1790009060.24049,0,1039.136865,991.777467,446.37503,106.82147328538365,6793,6527,0,266,1.055682,0.4205059713256716,0.662902961872034,4051,42.375,52.49576271186441,54.0,59,61.101947008,4.779999999999999,6.6,44a214c22e,1,0.0391579567201531,6.94614571004662,10000_1_high_bursty
44000,66.59,250000,125000,4,bursty,33.295,99.885,moderate,1,p250000_w4_moderate_bursty_r1,10,1790009232.3258393,0,6.575173,6.328912,5.705702,66.5984254611557,3996,3996,0,0,1.078257,0.3235796524823379,0.0,0,42.83653846153846,45.72844827586207,48.0,58,60.001418537,3.5237931034482757,6.86,44a214c22e,1,0.0,1.8833008895047516,250000_4_moderate_bursty
44000,66.59,10000,5000,2,steady,33.295,99.885,moderate,5,p10000_w2_moderate_steady_r5,11,1790009398.3999217,0,6.652596,6.411836,5.86219,66.59890094164737,3996,3996,0,0,1.08478,0.3296741056574933,0.057666666666666665,346,42.43269230769231,45.28448275862069,47.375,58,60.000990159,3.732586206896552,5.88,44a214c22e,1,0.0,1.8950071544307496,10000_2_moderate_steady
44000,113.21,0,0,4,bursty,56.605,169.815,high,1,p0_w4_high_bursty_r1,12,1790009564.4664023,0,6.393737,6.121218,4.297095,113.2151918274581,6793,6793,0,0,1.058863,0.4467453298217465,0.0,0,42.30769230769231,52.543103448275865,54.5,58,60.000781612,4.617241379310345,11.76,44a214c22e,1,0.0,1.855318917480151,0_4_high_bursty
44000,66.59,50000,25000,4,steady,33.295,99.885,moderate,4,p50000_w4_moderate_steady_r4,13,1790009735.547368,0,6.630087,6.383376,5.839365,66.59895935463067,3996,3996,0,0,1.089828,0.3284591116563513,0.0,0,42.91346153846154,45.5926724137931,48.0,58,60.000937533,3.724137931034483,5.77,44a214c22e,1,0.0,1.891617926283622,50000_4_moderate_steady
44000,66.59,250000,125000,4,steady,33.295,99.885,moderate,1,p250000_w4_moderate_steady_r1,14,1790009906.673213,0,6.638551,6.420453,5.865731,66.59905270950405,3996,3996,0,0,1.088742,0.32960532010199217,0.0,0,42.36538461538461,45.547413793103445,47.625,58,60.000853427,3.7343103448275863,5.83,44a214c22e,1,0.0,1.8928937167826965,250000_4_moderate_steady
44000,66.59,250000,125000,2,bursty,33.295,99.885,moderate,1,p250000_w2_moderate_bursty_r1,15,1790010077.7536318,0,6.460432,6.214573,5.654072,66.59761363323976,3996,3996,0,0,1.072324,0.32235054730019447,0.0,0,42.22115384615385,45.69181034482759,49.75,58,60.002149957,3.5246551724137936,5.71,44a214c22e,1,0.0,1.8656961886236223,250000_2_moderate_bursty
44000,113.21,0,0,4,bursty,56.605,169.815,high,3,p0_w4_high_bursty_r3,16,1790010258.8138642,0,6.456076,6.152555,4.288537,113.21515939739814,6793,6793,0,0,1.05648,0.44744220727263756,0.0,0,42.0,52.03879310344828,54.0,58,60.000798799,4.600862068965518,5.71,44a214c22e,1,0.0,1.8650217028934017,0_4_high_bursty
44000,113.21,0,0,4,steady,56.605,169.815,high,2,p0_w4_high_steady_r2,17,1790010489.984885,0,5.943378,5.717531,5.015419,113.21512309167844,6793,6793,0,0,1.060418,0.4882500960036137,0.0,0,42.11538461538461,48.26077586206897,49.875,58,60.00081804,4.822413793103448,6.73,44a214c22e,1,0.0,1.7822776586021423,0_4_high_steady
44000,113.21,10000,5000,2,bursty,56.605,169.815,high,4,p10000_w2_high_bursty_r4,18,1790010702.4587724,0,1278.589913,1199.322552,600.961804,101.82677183657698,6793,6243,0,550,1.058894,0.4378464186904585,0.7327136333985649,4493,41.99038461538461,49.63125,51.125,60,61.310006076,5.099500000000001,7.55,44a214c22e,1,0.08096569998527896,7.153513119204057,10000_2_high_bursty
44000,113.21,100000,50000,2,bursty,56.605,169.815,high,4,p100000_w2_high_bursty_r4,19,1790010876.491377,0,3903.515237,1416.930914,286.215478,106.53213235937439,6793,6540,0,253,1.065803,0.42797175572671964,0.6596091205211726,405,42.26923076923077,50.34791666666667,51.75,60,61.389928608,4.541,8.57,44a214c22e,1,0.03724422199322832,8.269632768972736,100000_2_high_bursty
44000,113.21,100000,50000,4,steady,56.605,169.815,high,4,p100000_w4_high_steady_r4,20,1790011054.689766,0,5.946427,5.706663,4.974912,113.21517283397336,6793,6793,0,0,1.059509,0.484014953554868,0.13,78,42.09615384615385,48.265086206896555,50.5,58,60.000791678,4.852758620689655,7.62,44a214c22e,1,0.0,1.7827905349809954,100000_4_high_steady
44000,66.59,0,0,1,bursty,33.295,99.885,moderate,1,p0_w1_moderate_bursty_r1,21,1790011275.7320662,0,6.517848,6.275903,5.691941,66.59858956619036,3996,3996,0,0,1.070905,0.3227841811288503,0.0,0,42.47115384615385,45.44181034482759,47.625,58,60.001270688,3.520862068965518,6.73,44a214c22e,1,0.0,1.8745442601066324,0_1_moderate_bursty
44000,66.59,10000,5000,1,steady,33.295,99.885,moderate,2,p10000_w1_moderate_steady_r2,22,1790011456.919506,0,6.606446,6.362489,5.817397,66.5996671115539,3996,3996,0,0,1.081634,0.3274003736158356,0.044825862356273956,269,42.05769230769231,44.82327586206897,47.125,58,60.000299901,3.70448275862069,6.67,44a214c22e,1,0.0,1.8880458390704706,10000_1_moderate_steady
44000,66.59,250000,125000,4,steady,33.295,99.885,moderate,5,p250000_w4_moderate_steady_r5,23,1790011628.0403924,0,6.646982,6.416841,5.854825,66.59892392788663,3996,3996,0,0,1.084883,0.32994334621411125,0.0,0,41.65384615384615,44.4698275862069,46.625,58,60.00096945,3.710172413793104,9.71,44a214c22e,1,0.0,1.894162917067212,250000_4_moderate_steady
44000,113.21,0,0,1,steady,56.605,169.815,high,2,p0_w1_high_steady_r2,24,1790011799.1349435,0,5.950023,5.676474,4.986338,113.21624687025796,6793,6793,0,0,1.055604,0.4896579234096032,0.0,0,41.21153846153846,47.161637931034484,49.125,58,60.000222475,4.807758620689655,4.72,44a214c22e,1,0.0,1.7833950850962856,0_1_high_steady
44000,66.59,100000,50000,2,steady,33.295,99.885,moderate,5,p100000_w2_moderate_steady_r5,25,1790011975.080433,0,6.540996,6.313961,5.787129,66.59914503680555,3996,3996,0,0,1.091309,0.3269532218330654,0.0,0,41.14423076923077,44.09051724137931,46.75,58,60.000770247,3.6758620689655177,5.71,44a214c22e,1,0.0,1.8780894474515992,100000_2_moderate_steady
44000,113.21,100000,50000,1,steady,56.605,169.815,high,4,p100000_w1_high_steady_r4,26,1790012146.1655676,0,6.022946,5.709189,5.003918,113.21543676209095,6793,6793,0,0,1.060111,0.4889799697378588,0.14166666666666666,85,40.85576923076923,47.04094827586207,49.375,58,60.000651804,4.817586206896552,5.61,44a214c22e,1,0.0,1.7955765083896476,100000_1_high_steady
44000,66.59,0,0,1,bursty,33.295,99.885,moderate,2,p0_w1_moderate_bursty_r2,27,1790012317.1699681,0,6.533738,6.228967,5.651913,66.59766651322204,3996,3996,0,0,1.074499,0.32204942058724945,0.0,0,40.85576923076923,43.91379310344828,45.875,58,60.002102314,3.512241379310345,14.15,44a214c22e,1,0.0,1.8769792144257453,0_1_moderate_bursty
44000,66.59,250000,125000,2,bursty,33.295,99.885,moderate,2,p250000_w2_moderate_bursty_r2,28,1790012488.2731044,0,6.53149,6.326359,5.696651,66.59764352119122,3996,3996,0,0,1.072095,0.3230428539810945,0.0,0,40.58653846153846,43.446120689655174,45.75,58,60.002123029,3.517931034482759,6.73,44a214c22e,1,0.0,1.8766350949014348,250000_2_moderate_bursty
44000,66.59,50000,25000,2,bursty,33.295,99.885,moderate,2,p50000_w2_moderate_bursty_r2,29,1790012664.3949146,0,6.538669,6.298043,5.693642,66.59835375307364,3996,3996,0,0,1.075665,0.32272391105798265,0.009166666666666667,11,39.97115384615385,43.27801724137931,46.0,58,60.001483142,3.583103448275862,12.5,44a214c22e,1,0.0,1.8777336279371772,50000_2_moderate_bursty
44000,66.59,10000,5000,1,bursty,33.295,99.885,moderate,1,p10000_w1_moderate_bursty_r1,30,1790012835.5217555,0,6.616661,6.272668,5.659718,66.5987300965245,3996,3996,0,0,1.071046,0.322121441548087,0.0621446775142129,317,39.73076923076923,42.724137931034484,44.875,58,60.001144079,3.5448275862068965,5.77,44a214c22e,1,0.0,1.8895908620415491,10000_1_moderate_bursty
44000,66.59,0,0,4,steady,33.295,99.885,moderate,4,p0_w4_moderate_steady_r4,31,1790013006.6696563,0,6.649241,6.38615,5.841343,66.59930601081163,3996,3996,0,0,1.086559,0.32848801467479477,0.0,0,39.375,42.51293103448276,44.5,58,60.000625222,3.7558620689655173,16.19,44a214c22e,1,0.0,1.8945027128154834,0_4_moderate_steady
44000,66.59,100000,50000,1,steady,33.295,99.885,moderate,4,p100000_w1_moderate_steady_r4,32,1790013172.7682247,0,6.619854,6.378883,5.844299,66.59942906529443,3996,3996,0,0,1.086004,0.32877152143023564,0.0,0,39.47115384615385,42.36422413793103,44.875,58,60.00051436,3.796551724137931,12.5,44a214c22e,1,0.0,1.8900733153250509,100000_1_moderate_steady
44000,113.21,250000,125000,1,steady,56.605,169.815,high,1,p250000_w1_high_steady_r1,33,1790013343.8937001,0,5.965161,5.697386,5.00407,113.21518902541865,6793,6793,0,0,1.059008,0.48892952327749345,0.0875,21,39.08653846153846,45.11422413793103,47.0,58,60.000783097,4.802241379310345,4.76,44a214c22e,1,0.0,1.7859360459651823,250000_1_high_steady
44000,113.21,10000,5000,2,steady,56.605,169.815,high,5,p10000_w2_high_steady_r5,34,1790013514.9404309,0,115.715316,75.576309,9.701635,113.17416616833198,6793,6793,0,0,1.057691,0.4920930161743455,0.8382475428952191,5032,39.35576923076923,45.769396551724135,47.875,58,60.022531908,5.507413793103448,6.67,44a214c22e,1,0.0,4.751133002275237,10000_2_high_steady
44000,113.21,250000,125000,4,steady,56.605,169.815,high,2,p250000_w4_high_steady_r2,35,1790013685.9756637,0,5.924686,5.699001,4.994541,113.21430880886426,6793,6793,0,0,1.060901,0.48773509480150584,0.0375,9,39.30769230769231,45.18318965517241,47.125,58,60.00124959,4.784999999999999,5.71,44a214c22e,1,0.0,1.7791276898362782,250000_4_high_steady
44000,66.59,250000,125000,1,steady,33.295,99.885,moderate,2,p250000_w1_moderate_steady_r2,36,1790013861.997038,0,6.605499,6.367762,5.829762,66.59882950115195,3996,3996,0,0,1.089023,0.32772609204275754,0.0,0,39.19230769230769,42.23706896551724,44.625,58,60.001054522,3.7294827586206893,6.73,44a214c22e,1,0.0,1.8879024839472662,250000_1_moderate_steady
44000,113.21,0,0,1,steady,56.605,169.815,high,3,p0_w1_high_steady_r3,37,1790014033.0998905,0,5.875232,5.6576,4.968748,113.21625184609378,6793,6793,0,0,1.058425,0.48975713036957563,0.0,0,38.85576923076923,44.622844827586206,46.375,58,60.000219838,4.792586206896552,4.85,44a214c22e,1,0.0,1.7707455486122403,0_1_high_steady
44000,66.59,50000,25000,4,bursty,33.295,99.885,moderate,3,p50000_w4_moderate_bursty_r3,38,1790014209.115968,0,6.463791,6.21008,5.646666,66.59843049365811,3996,3996,0,0,1.075228,0.32259640517205146,0.006666666666666667,8,38.85576923076923,41.75,43.875,58,60.001414003,3.4924137931034482,5.56,44a214c22e,1,0.0,1.866215987775282,50000_4_moderate_bursty
44000,113.21,50000,25000,4,bursty,56.605,169.815,high,1,p50000_w4_high_bursty_r1,39,1790014381.441172,0,1381.252876,1322.734714,755.06331,96.38210777306158,6793,5902,0,891,1.065051,0.4364358581073817,0.7118367346938775,872,38.58653846153846,43.78125,53.25,60,61.235431932,5.1036666666666655,22.12,44a214c22e,1,0.13116443397615193,7.230746247435841,50000_4_high_bursty
44000,66.59,10000,5000,4,bursty,33.295,99.885,moderate,4,p10000_w4_moderate_bursty_r4,40,1790014553.61569,0,6.551654,6.297113,5.660662,66.59813232197716,3996,3996,0,0,1.075151,0.3226192388934199,0.047926447574334896,245,38.52884615384615,41.48706896551724,43.75,58,60.00168264,3.5420689655172413,5.71,44a214c22e,1,0.0,1.8797175368535526,10000_4_moderate_bursty
44000,113.21,0,0,1,steady,56.605,169.815,high,4,p0_w1_high_steady_r4,41,1790014724.6713383,0,5.920735,5.682085,5.004895,113.21487682437522,6793,6793,0,0,1.056739,0.48881536591541647,0.0,0,38.17307692307692,44.13577586206897,45.75,58,60.000948555,4.816206896551725,4.76,44a214c22e,1,0.0,1.7784605965946751,0_1_high_steady
44000,66.59,0,0,1,steady,33.295,99.885,moderate,3,p0_w1_moderate_steady_r3,42,1790014935.7920358,0,6.619661,6.358635,5.822517,66.59867873993265,3996,3996,0,0,1.081352,0.3279103545498763,0.0,0,38.02884615384615,41.168103448275865,43.25,58,60.001190348,3.73948275862069,5.77,44a214c22e,1,0.0,1.8900441601785043,0_1_moderate_steady
44000,113.21,0,0,2,bursty,56.605,169.815,high,2,p0_w2_high_bursty_r2,43,1790015101.847452,0,6.395441,6.098166,4.297501,113.21544654002545,6793,6793,0,0,1.058173,0.4468032414953355,0.0,0,38.125,48.00431034482759,50.125,58,60.000646622,4.5808620689655175,5.71,44a214c22e,1,0.0,1.8555853927782635,0_2_high_bursty
44000,113.21,50000,25000,1,steady,56.605,169.815,high,4,p50000_w1_high_steady_r4,44,1790015272.938415,0,7.626139,5.817075,5.009379,113.21441643202093,6793,6793,0,0,1.059038,0.48946791305026455,0.3433333333333333,412,38.90384615384615,44.814655172413794,46.5,58,60.001192552,4.826379310344827,5.77,44a214c22e,1,0.0,2.031581688387015,50000_1_high_steady
44000,66.59,0,0,2,bursty,33.295,99.885,moderate,4,p0_w2_moderate_bursty_r4,45,1790015493.9934695,0,6.537051,6.287686,5.689307,66.59812865474305,3996,3996,0,0,1.072094,0.32314434815808496,0.0,0,38.79807692307692,41.86422413793103,44.125,58,60.001685944,3.5222413793103446,6.67,44a214c22e,1,0.0,1.8774861463440784,0_2_moderate_bursty
44000,66.59,50000,25000,4,steady,33.295,99.885,moderate,1,p50000_w4_moderate_steady_r1,46,1790015665.069856,0,6.614134,6.354002,5.817617,66.59892024835574,3996,3996,0,0,1.080358,0.3282914386663361,0.0,0,38.78846153846154,41.64655172413793,43.75,58,60.000972765,3.7351724137931037,5.71,44a214c22e,1,0.0,1.889208874408799,50000_4_moderate_steady
44000,66.59,0,0,2,steady,33.295,99.885,moderate,2,p0_w2_moderate_steady_r2,47,1790015831.2240038,0,6.571134,6.34203,5.810114,66.59912719068853,3996,3996,0,0,1.086666,0.327585920066209,0.0,0,38.99038461538461,41.810344827586206,44.125,58,60.000786325,3.736034482758621,5.77,44a214c22e,1,0.0,1.882686420342106,0_2_moderate_steady
44000,113.21,100000,50000,2,bursty,56.605,169.815,high,5,p100000_w2_high_bursty_r5,48,1790015998.3550196,0,1082.653392,1046.442455,512.171021,105.43720348265956,6793,6430,0,363,1.064245,0.4237353146499638,0.6475409836065574,395,39.07692307692308,47.226694915254235,48.625,59,60.984166761,4.472372881355932,5.88,44a214c22e,1,0.053437361990284114,6.9871701514545475,100000_2_high_bursty
44000,66.59,250000,125000,2,bursty,33.295,99.885,moderate,4,p250000_w2_moderate_bursty_r4,49,1790016170.5366244,0,6.515193,6.294072,5.711092,66.59871554165275,3996,3996,0,0,1.072245,0.32368744299314234,0.0,0,39.31730769230769,42.57327586206897,45.625,58,60.001157192,3.5170689655172422,4.81,44a214c22e,1,0.0,1.8741368340827709,250000_2_moderate_bursty
44000,113.21,10000,5000,4,bursty,56.605,169.815,high,1,p10000_w4_high_bursty_r1,50,1790016343.0581048,0,1349.884964,1249.752905,658.910307,102.0613415086608,6793,6262,0,531,1.063212,0.4387003781323581,0.7348435462842242,4509,39.10576923076923,46.78125,48.375,60,61.355258587,5.088833333333333,7.69,44a214c22e,1,0.0781687030766966,7.207774655949887,10000_4_high_bursty
44000,66.59,10000,5000,1,bursty,33.295,99.885,moderate,2,p10000_w1_moderate_bursty_r2,51,1790016516.1830778,0,6.574722,6.271208,5.669028,66.59838762195642,3996,3996,0,0,1.072773,0.32263468172055315,0.05411764705882353,276,39.47115384615385,42.54956896551724,44.625,58,60.001452628,3.5067241379310343,4.81,44a214c22e,1,0.0,1.8832322958011247,10000_1_moderate_bursty
44000,66.59,0,0,2,bursty,33.295,99.885,moderate,5,p0_w2_moderate_bursty_r5,52,1790016682.261671,0,6.518068,6.292409,5.695525,66.5979979209968,3996,3996,0,0,1.069132,0.32295897750007435,0.0,0,39.42307692307692,42.560344827586206,44.875,58,60.001803729,3.5255172413793106,4.81,44a214c22e,1,0.0,1.8745780130090017,0_2_moderate_bursty
44000,66.59,10000,5000,2,bursty,33.295,99.885,moderate,2,p10000_w2_moderate_bursty_r2,53,1790016858.359009,0,40.921378,8.606389,5.709869,66.59775306284926,3996,3996,0,0,1.073803,0.3230578755598741,0.09767532721234616,500,39.28846153846154,42.54956896551724,44.875,58,60.002024336,3.5951724137931036,6.54,44a214c22e,1,0.0,3.7116526159807406,10000_2_moderate_bursty
44000,113.21,250000,125000,4,steady,56.605,169.815,high,4,p250000_w4_high_steady_r4,54,1790017029.4227076,0,5.911032,5.666966,4.987577,113.21553928896954,6793,6793,0,0,1.05715,0.48928827707164874,0.0375,9,39.57692307692308,45.52370689655172,47.375,58,60.000597468,4.845689655172413,8.65,44a214c22e,1,0.0,1.7768204354631734,250000_4_high_steady
44000,113.21,50000,25000,4,steady,56.605,169.815,high,4,p50000_w4_high_steady_r4,55,1790017200.399221,0,6.857858,5.774287,4.998049,113.21557604781411,6793,6793,0,0,1.062111,0.48750859463619317,0.2706078268109908,325,39.93269230769231,45.97198275862069,48.25,58,60.000577987,4.830517241379311,12.75,44a214c22e,1,0.0,1.9253951480812466,50000_4_high_steady
44000,113.21,100000,50000,1,bursty,56.605,169.815,high,5,p100000_w1_high_bursty_r5,56,1790017372.1876013,0,813.861372,768.392342,298.175228,111.75383013674998,6793,6793,0,0,1.05948,0.4180078847648771,0.6118421052631579,372,40.18269230769231,54.99576271186441,57.25,59,60.785388668,4.374576271186441,4.81,44a214c22e,1,0.0,6.701790046830749,100000_1_high_bursty
44000,113.21,100000,50000,2,steady,56.605,169.815,high,4,p100000_w2_high_steady_r4,57,1790017549.3132532,0,5.929761,5.666279,4.998027,113.2161160834856,6793,6793,0,0,1.058017,0.48933415767864324,0.15666666666666668,94,40.32692307692308,46.122844827586206,48.125,58,60.000291787,4.804137931034482,5.56,44a214c22e,1,0.0,1.7799839086561091,100000_2_high_steady
44000,66.59,50000,25000,4,bursty,33.295,99.885,moderate,1,p50000_w4_moderate_bursty_r1,58,1790017720.3025708,0,6.52977,6.28254,5.67645,66.59806870151634,3996,3996,0,0,1.071987,0.3232897816728939,0.010824313072439634,13,40.40384615384615,43.452586206896555,45.625,58,60.001739959,3.536206896551724,5.71,44a214c22e,1,0.0,1.8763717206159614,50000_4_moderate_bursty
44000,66.59,0,0,4,steady,33.295,99.885,moderate,5,p0_w4_moderate_steady_r5,59,1790017891.4149604,0,6.630636,6.352911,5.820909,66.59962624400751,3996,3996,0,0,1.089316,0.32777771664661765,0.0,0,40.08653846153846,43.025862068965516,45.25,58,60.000336719,3.7232758620689657,7.55,44a214c22e,1,0.0,1.8917007271988229,0_4_moderate_steady
44000,66.59,250000,125000,1,bursty,33.295,99.885,moderate,5,p250000_w1_moderate_bursty_r5,60,1790018062.5653222,0,6.557781,6.312872,5.708571,66.59809724019334,3996,3996,0,0,1.07294,0.3237211627160157,0.0,0,40.35576923076923,43.140086206896555,45.125,58,60.001714247,3.541896551724138,6.86,44a214c22e,1,0.0,1.8806522835373147,250000_1_moderate_bursty
44000,113.21,250000,125000,4,steady,56.605,169.815,high,3,p250000_w4_high_steady_r3,61,1790018228.6725326,0,5.958054,5.712127,5.001273,113.21471386946611,6793,6793,0,0,1.061142,0.4889695516359873,0.029166666666666667,7,40.11538461538461,46.150862068965516,48.25,58,60.001034917,4.815689655172413,5.61,44a214c22e,1,0.0,1.7847439176941264,250000_4_high_steady
44000,66.59,0,0,1,steady,33.295,99.885,moderate,4,p0_w1_moderate_steady_r4,62,1790018399.6961877,0,6.56202,6.335434,5.823551,66.59922213218536,3996,3996,0,0,1.082519,0.328051704735726,0.0,0,40.41346153846154,43.252155172413794,45.75,58,60.00070079,3.7081034482758626,5.83,44a214c22e,1,0.0,1.88129848238553,0_1_moderate_steady
44000,66.59,10000,5000,4,bursty,33.295,99.885,moderate,2,p10000_w4_moderate_bursty_r2,63,1790018580.8154259,0,6.474666,6.236059,5.631706,66.59761499178244,3996,3996,0,0,1.07317,0.3228185636371128,0.044357212953876346,226,40.10576923076923,43.06681034482759,45.375,58,60.002148733,3.5179310344827583,4.81,44a214c22e,1,0.0,1.8678970232435692,10000_4_moderate_bursty
44000,113.21,0,0,1,bursty,56.605,169.815,high,2,p0_w1_high_bursty_r2,64,1790018751.9038017,0,6.397895,6.109108,4.284218,113.21590590672612,6793,6793,0,0,1.058891,0.4466169410730375,0.0,0,40.125,49.980603448275865,52.0,58,60.000403173,4.574137931034482,6.6,44a214c22e,1,0.0,1.8559690300141023,0_1_high_bursty
44000,66.59,250000,125000,4,bursty,33.295,99.885,moderate,4,p250000_w4_moderate_bursty_r4,65,1790018922.9497623,0,6.574799,6.305512,5.685832,66.59807911604393,3996,3996,0,0,1.076285,0.32303188092232193,0.0,0,40.93269230769231,43.73922413793103,46.0,58,60.001730576,3.534137931034483,4.81,44a214c22e,1,0.0,1.8832440072543404,250000_4_moderate_bursty
44000,113.21,250000,125000,2,bursty,56.605,169.815,high,3,p250000_w2_high_bursty_r3,66,1790019149.7454634,0,722.013033,677.218718,250.139059,112.07860171009337,6793,6793,0,0,1.064302,0.4141281497743079,0.588477366255144,143,40.15384615384615,52.75,54.875,59,60.609250083,4.364406779661017,15.38,44a214c22e,1,0.0,6.582043189976441,250000_2_high_bursty
44000,113.21,250000,125000,4,bursty,56.605,169.815,high,2,p250000_w4_high_bursty_r2,67,1790019322.5230536,0,1614.847339,818.649447,134.04818,112.04635277907008,6793,6793,0,0,1.063358,0.4152105588416624,0.5843621399176955,142,40.73076923076923,53.09110169491525,55.375,59,60.626694502,4.364406779661017,8.65,44a214c22e,1,0.0,7.38699570425382,250000_4_high_bursty
44000,113.21,100000,50000,1,steady,56.605,169.815,high,3,p100000_w1_high_steady_r3,68,1790019494.6514626,0,6.066323,5.748265,5.012107,113.21459581509568,6793,6793,0,0,1.05875,0.4888839406501386,0.17470881863560733,105,40.84615384615385,46.859913793103445,48.875,58,60.001097483,4.823793103448276,4.85,44a214c22e,1,0.0,1.802752655458413,100000_1_high_steady
44000,66.59,50000,25000,1,bursty,33.295,99.885,moderate,1,p50000_w1_moderate_bursty_r1,69,1790019665.6442304,0,6.502541,6.247273,5.656045,66.59790426717946,3996,3996,0,0,1.071336,0.3229136861316482,0.005,6,41.05769230769231,43.875,46.25,58,60.001888107,3.506896551724138,4.9,44a214c22e,1,0.0,1.8721930235879964,50000_1_moderate_bursty
44000,66.59,250000,125000,2,bursty,33.295,99.885,moderate,3,p250000_w2_moderate_bursty_r3,70,1790019836.7576995,0,6.547746,6.295532,5.684308,66.59844692199783,3996,3996,0,0,1.075818,0.32235045405536933,0.0,0,40.83653846153846,43.80818965517241,45.875,58,60.001399202,3.5596551724137933,5.77,44a214c22e,1,0.0,1.879120868286146,250000_2_moderate_bursty
44000,66.59,10000,5000,4,steady,33.295,99.885,moderate,3,p10000_w4_moderate_steady_r3,71,1790020007.8976395,0,6.548114,6.327743,5.795698,66.59902373157102,3996,3996,0,0,1.089834,0.32701727402226083,0.04615897350441593,277,40.55769230769231,43.49353448275862,45.625,58,60.000879534,3.6984482758620687,6.93,44a214c22e,1,0.0,1.8791770692534895,10000_4_moderate_steady
44000,113.21,100000,50000,1,steady,56.605,169.815,high,2,p100000_w1_high_steady_r2,72,1790020179.0381463,0,6.103226,5.693619,4.976124,113.2145374842591,6793,6793,0,0,1.057269,0.4897362627814122,0.19833333333333333,119,40.54807692307692,46.463362068965516,48.75,58,60.001128397,4.820344827586206,5.61,44a214c22e,1,0.0,1.8088174838451048,100000_1_high_steady
44000,113.21,0,0,2,steady,56.605,169.815,high,1,p0_w2_high_steady_r1,73,1790020350.0209296,0,5.935641,5.704313,5.006017,113.21466016513146,6793,6793,0,0,1.057271,0.48788273097920337,0.0,0,40.94230769230769,47.06896551724138,48.625,58,60.001063379,4.8244827586206895,6.67,44a214c22e,1,0.0,1.7809750255995274,0_2_high_steady
44000,113.21,0,0,2,steady,56.605,169.815,high,2,p0_w2_high_steady_r2,74,1790020521.0360773,0,5.905803,5.684305,4.99913,113.21570165376433,6793,6793,0,0,1.058239,0.4883543791457005,0.0,0,41.14423076923077,47.008620689655174,48.5,58,60.00051142,4.805000000000001,5.94,44a214c22e,1,0.0,1.7759354268561653,0_2_high_steady
44000,66.59,250000,125000,4,bursty,33.295,99.885,moderate,3,p250000_w4_moderate_bursty_r3,75,1790020691.9926302,0,6.535286,6.29094,5.700272,66.59770238259769,3996,3996,0,0,1.076285,0.32351445834324727,0.0,0,41.28846153846154,44.17672413793103,46.5,58,60.002069997,3.512241379310345,5.77,44a214c22e,1,0.0,1.8772161104643843,250000_4_moderate_bursty
44000,66.59,10000,5000,1,bursty,33.295,99.885,moderate,5,p10000_w1_moderate_bursty_r5,76,1790020863.1187153,0,6.471924,6.203546,5.625305,66.59864948150644,3996,3996,0,0,1.069369,0.3218104704159165,0.03831041257367387,195,40.89423076923077,43.883620689655174,46.375,58,60.001216708,3.529655172413793,5.83,44a214c22e,1,0.0,1.8674734367947823,10000_1_moderate_bursty
44000,113.21,100000,50000,1,steady,56.605,169.815,high,5,p100000_w1_high_steady_r5,77,1790021074.289596,0,6.018522,5.738752,5.021692,113.21587227429033,6793,6793,0,0,1.060621,0.48755742815487374,0.14333333333333334,86,40.29807692307692,46.446120689655174,48.375,58,60.000420997,4.819137931034483,4.85,44a214c22e,1,0.0,1.7948417142268343,100000_1_high_steady
44000,113.21,50000,25000,2,bursty,56.605,169.815,high,5,p50000_w2_high_bursty_r5,78,1790021256.4797552,0,1250.43535,1227.32089,744.393978,95.68944143851171,6793,5854,0,939,1.067392,0.43678012818926437,0.7066993464052288,865,40.43269230769231,44.110169491525426,46.5,59,61.177073583,4.693050847457628,5.83,44a214c22e,1,0.13823053142941263,7.131247049660946,50000_2_high_bursty
44000,113.21,0,0,2,bursty,56.605,169.815,high,1,p0_w2_high_bursty_r1,79,1790021458.7212775,0,6.431706,6.134244,4.300905,113.2156588472886,6793,6793,0,0,1.0607,0.44729799337305165,0.0,0,39.875,49.84051724137931,52.0,58,60.000534106,4.597241379310344,6.6,44a214c22e,1,0.0,1.8612398218767552,0_2_high_bursty
44000,113.21,100000,50000,2,bursty,56.605,169.815,high,2,p100000_w2_high_bursty_r2,80,1790021625.7682388,0,2823.794443,1073.529427,364.456898,105.69572805151012,6793,6446,0,347,1.066785,0.42435342276340937,0.6508196721311476,397,40.79807692307692,48.30084745762712,49.75,59,60.986381558,4.506101694915254,9.52,44a214c22e,1,0.05108199617253054,7.945836806657914,100000_2_high_bursty
44000,66.59,0,0,2,bursty,33.295,99.885,moderate,2,p0_w2_moderate_bursty_r2,81,1790021797.928441,0,6.52536,6.251393,5.669169,66.59801317370322,3996,3996,0,0,1.076312,0.32268725996327885,0.0,0,40.10576923076923,42.85129310344828,45.125,58,60.001789987,3.4974137931034486,4.95,44a214c22e,1,0.0,1.8756961241006085,0_2_moderate_bursty
44000,113.21,100000,50000,2,steady,56.605,169.815,high,2,p100000_w2_high_steady_r2,82,1790021969.0187361,0,6.044598,5.735432,5.024393,113.21508984463368,6793,6793,0,0,1.060733,0.48851003701423923,0.18333333333333332,110,39.59615384615385,45.5926724137931,47.375,58,60.00083566,4.813103448275863,5.83,44a214c22e,1,0.0,1.7991649806147556,100000_2_high_steady
44000,113.21,100000,50000,2,bursty,56.605,169.815,high,3,p100000_w2_high_bursty_r3,83,1790022140.9399376,0,1082.118007,1044.235542,511.17959,105.89480541886438,6793,6456,0,337,1.060777,0.4242557664415641,0.6475409836065574,395,39.69230769230769,47.597457627118644,49.0,59,60.966163302,4.517966101694914,14.56,44a214c22e,1,0.049609892536434566,6.986675517230201,100000_2_high_bursty
44000,66.59,250000,125000,4,steady,33.295,99.885,moderate,3,p250000_w4_moderate_steady_r3,84,1790022318.119045,0,6.505613,6.311927,5.785021,66.5995854642002,3996,3996,0,0,1.089683,0.32683478503760666,0.0,0,39.35576923076923,42.04956896551724,44.375,58,60.000373458,3.703793103448276,6.86,44a214c22e,1,0.0,1.8726653427283002,250000_4_moderate_steady
44000,66.59,100000,50000,2,bursty,33.295,99.885,moderate,4,p100000_w2_moderate_bursty_r4,85,1790022489.2195435,0,6.541759,6.274359,5.660328,66.59786792475661,3996,3996,0,0,1.071472,0.32279186880975597,0.0016666666666666668,1,39.01923076923077,41.86206896551724,44.0,58,60.00192085,3.509310344827586,8.49,44a214c22e,1,0.0,1.8782060895504331,100000_2_moderate_bursty
44000,113.21,250000,125000,2,steady,56.605,169.815,high,1,p250000_w2_high_steady_r1,86,1790022660.3117235,0,5.912853,5.675801,4.991762,113.21465664610493,6793,6793,0,0,1.061129,0.4882209764515184,0.025,6,38.76923076923077,44.67672413793103,46.5,58,60.001065244,4.8,4.81,44a214c22e,1,0.0,1.7771284560527507,250000_2_high_steady
44000,113.21,10000,5000,2,steady,56.605,169.815,high,2,p10000_w2_high_steady_r2,87,1790022876.6861455,0,155.183393,104.829271,18.52047,113.21105278339715,6793,6793,0,0,1.061016,0.4942392890986575,0.8935177470421597,5362,38.45192307692308,45.21120689655172,46.625,58,60.002975266,5.559827586206897,5.61,44a214c22e,1,0.0,5.044607598157817,10000_2_high_steady
44000,66.59,0,0,4,bursty,33.295,99.885,moderate,4,p0_w4_moderate_bursty_r4,88,1790023047.7601027,0,6.430643,6.187092,5.625541,66.59881568769038,3996,3996,0,0,1.077923,0.32215951202319254,0.0,0,38.65384615384615,41.497844827586206,43.875,58,60.001066967,3.4865517241379305,6.67,44a214c22e,1,0.0,1.8610745332498613,0_4_moderate_bursty
44000,113.21,0,0,4,bursty,56.605,169.815,high,5,p0_w4_high_bursty_r5,89,1790023213.8543618,0,6.514327,6.20337,4.318599,113.215439811327,6793,6793,0,0,1.063287,0.447594098891747,0.0,0,38.45192307692308,48.30172413793103,50.25,58,60.000650188,4.609137931034483,5.77,44a214c22e,1,0.0,1.874003905164242,0_4_high_bursty
44000,66.59,50000,25000,1,bursty,33.295,99.885,moderate,2,p50000_w1_moderate_bursty_r2,90,1790023404.8923054,0,6.48415,6.263513,5.649777,66.59716138923181,3996,3996,0,0,1.074934,0.3231472477769677,0.009166666666666667,11,38.99038461538461,41.34051724137931,43.5,58,60.002557416,3.4984482758620694,5.94,44a214c22e,1,0.0,1.8693607374738286,50000_1_moderate_bursty
44000,113.21,100000,50000,4,bursty,56.605,169.815,high,3,p100000_w4_high_bursty_r3,91,1790023567.458621,0,4313.388593,3711.429148,171.431353,110.49633994684329,6793,6740,3,50,1.060913,0.43882473034125596,0.7163934426229508,437,38.35576923076923,46.639830508474574,47.75,59,60.997495512,4.681694915254237,6.6,44a214c22e,1,0.0078021492713087,8.369479090664841,100000_4_high_bursty
44000,66.59,0,0,2,bursty,33.295,99.885,moderate,3,p0_w2_moderate_bursty_r3,92,1790023739.6609635,0,6.487923,6.24232,5.662742,66.59812380320606,3996,3996,0,0,1.073704,0.3225029554720279,0.0,0,38.46153846153846,41.258620689655174,43.5,58,60.001690315,3.50948275862069,4.81,44a214c22e,1,0.0,1.8699424486785674,0_2_moderate_bursty
44000,66.59,250000,125000,2,bursty,33.295,99.885,moderate,5,p250000_w2_moderate_bursty_r5,93,1790023910.7356925,0,6.547884,6.297868,5.708115,66.59841822873847,3996,3996,0,0,1.075348,0.3227683432795304,0.0,0,38.07692307692308,41.0948275862069,43.375,58,60.001425053,3.5300000000000002,5.83,44a214c22e,1,0.0,1.879141944019044,250000_2_moderate_bursty
44000,66.59,50000,25000,2,bursty,33.295,99.885,moderate,1,p50000_w2_moderate_bursty_r1,94,1790098825.6701572,1,6.477935,6.262343,5.650669,66.5983452742039,3996,3996,0,0,1.072887,0.32280901019410874,0.011656952539550375,14,39.43269230769231,43.002155172413794,45.125,58,60.001490781,3.496034482758621,4.81,ca129a4af3,2,0.0,1.868401786737698,50000_2_moderate_bursty
44000,113.21,10000,5000,4,steady,56.605,169.815,high,2,p10000_w4_high_steady_r2,95,1790098991.889076,1,215.011442,132.266663,14.415929,113.21513573574978,6793,6793,0,0,1.057244,0.4940090720828419,0.8921846358940176,5354,39.66346153846154,46.952586206896555,48.5,58,60.000811339,5.588620689655172,6.48,ca129a4af3,2,0.0,5.370691245316254,10000_4_high_steady
44000,113.21,100000,50000,1,bursty,56.605,169.815,high,4,p100000_w1_high_bursty_r4,96,1790150601.977146,2,838.295018,787.000509,313.176161,111.61974014089442,6793,6793,0,0,1.060742,0.41858006580386614,0.6157635467980296,375,42.89423076923077,58.55296610169491,60.75,59,60.85841081,4.388305084745763,5.71,ca129a4af3,3,0.0,6.731370088646312,100000_1_high_bursty
44000,113.21,50000,25000,2,steady,56.605,169.815,high,2,p50000_w2_high_steady_r2,97,1790150834.2123418,2,6.994392,5.780781,5.028975,113.21450749618695,6793,6793,0,0,1.057006,0.4887353493649391,0.3,360,43.49038461538461,49.859913793103445,51.75,58,60.00114429,4.798620689655173,5.77,ca129a4af3,3,0.0,1.9451086851117296,50000_2_high_steady
44000,66.59,0,0,1,steady,33.295,99.885,moderate,2,p0_w1_moderate_steady_r2,98,1790151050.287286,2,6.604067,6.365053,5.81893,66.5991508930157,3996,3996,0,0,1.085041,0.32795413274732593,0.0,0,43.19230769230769,46.27155172413793,48.5,58,60.000764971,3.6765517241379313,5.77,ca129a4af3,3,0.0,1.8876856713728623,0_1_moderate_steady
44000,66.59,50000,25000,2,bursty,33.295,99.885,moderate,4,p50000_w2_moderate_bursty_r4,99,1790151216.4520423,2,6.563078,6.308323,5.717251,66.59851722619302,3996,3996,0,0,1.078881,0.32381384698580945,0.018333333333333333,22,42.85576923076923,46.172413793103445,48.5,58,60.001335862,3.481206896551724,4.76,ca129a4af3,3,0.0,1.8814597002297384,50000_2_moderate_bursty
44000,66.59,100000,50000,4,steady,33.295,99.885,moderate,2,p100000_w4_moderate_steady_r2,100,1790171120.3868484,3,6.598424,6.351101,5.823934,66.59892167465952,3996,3996,0,0,1.084994,0.3282203353819878,0.0,0,43.40384615384615,46.0,48.25,58,60.00097148,3.6848275862068967,5.83,ca129a4af3,4,0.0,1.8868308326392271,100000_4_moderate_steady
44000,113.21,50000,25000,2,bursty,56.605,169.815,high,2,p50000_w2_high_bursty_r2,101,1790171292.701264,3,1245.363222,1226.498023,752.823858,95.70694514018034,6793,5855,0,938,1.065159,0.43591139080832264,0.7050653594771242,863,42.22115384615385,45.88347457627118,48.125,59,61.176333561,4.666610169491525,7.84,ca129a4af3,4,0.13808332106580304,7.127182510927947,50000_2_high_bursty
44000,113.21,250000,125000,2,bursty,56.605,169.815,high,1,p250000_w2_high_bursty_r1,102,1790171460.4709966,3,719.8255,672.788046,253.953049,112.03107471765944,6793,6793,0,0,1.066938,0.41416899103161847,0.5843621399176955,142,41.72115384615385,53.83898305084746,55.875,59,60.634962372,4.288135593220338,7.69,ca129a4af3,4,0.0,6.5790088215247895,250000_2_high_bursty
44000,113.21,250000,125000,2,steady,56.605,169.815,high,3,p250000_w2_high_steady_r3,103,1790171642.6465497,3,5.943283,5.714597,5.021704,113.21595692149351,6793,6793,0,0,1.060249,0.4881791851587275,0.03333333333333333,8,41.15384615384615,47.72198275862069,50.125,58,60.000376137,4.792758620689655,10.58,ca129a4af3,4,0.0,1.7822616742983919,250000_2_high_steady
44000,113.21,250000,125000,1,bursty,56.605,169.815,high,1,p250000_w1_high_bursty_r1,104,1790171814.3356042,3,480.75063,438.100092,157.935114,112.50011273859377,6793,6793,0,0,1.057255,0.40785964666588637,0.5619834710743802,136,41.15384615384615,58.21186440677966,61.375,59,60.382161712,4.282203389830508,5.88,ca129a4af3,4,0.0,6.175348694920449,250000_1_high_bursty
44000,113.21,50000,25000,1,bursty,56.605,169.815,high,3,p50000_w1_high_bursty_r3,105,1790172002.546614,3,1001.414242,994.872472,499.347614,104.54300340597104,6793,6375,0,418,1.058163,0.42412512680970194,0.6475409836065574,790,40.83653846153846,51.44491525423729,52.75,59,60.97969058,4.479661016949152,6.73,ca129a4af3,4,0.06153393198881201,6.909168521883787,50000_1_high_bursty
44000,66.59,100000,50000,2,bursty,33.295,99.885,moderate,2,p100000_w2_moderate_bursty_r2,106,1790172184.628335,3,6.483956,6.232588,5.660736,66.59826632281086,3996,3996,0,0,1.071465,0.322355545762771,0.0033333333333333335,2,40.66346153846154,43.747844827586206,46.0,58,60.001561912,3.453275862068965,5.83,ca129a4af3,4,0.0,1.8693308179157968,100000_2_moderate_bursty
44000,113.21,10000,5000,2,steady,56.605,169.815,high,4,p10000_w2_high_steady_r4,107,1790172345.903233,3,127.956105,104.504983,46.965915,113.15848860607811,6793,6793,0,0,1.063114,0.4969631854400111,0.9447035309793471,5672,40.65384615384615,46.75,48.25,58,60.03084774,5.831724137931035,5.66,ca129a4af3,4,0.0,4.851687275418286,10000_2_high_steady
44000,66.59,10000,5000,2,steady,33.295,99.885,moderate,2,p10000_w2_moderate_steady_r2,108,1790172516.9399874,3,6.621537,6.377938,5.83408,66.59909195468074,3996,3996,0,0,1.092586,0.32855126256704714,0.0506582236293951,304,40.35576923076923,43.4375,45.625,58,60.00081807,3.6710344827586203,5.77,ca129a4af3,4,0.0,1.890327518227006,10000_2_moderate_steady
44000,113.21,50000,25000,1,steady,56.605,169.815,high,1,p50000_w1_high_steady_r1,109,1790172688.0542166,3,7.644004,5.830231,5.016332,113.2143822740338,6793,6793,0,0,1.058386,0.4897586746616882,0.345,414,40.11538461538461,46.224137931034484,48.25,58,60.001210655,4.814310344827587,5.71,ca129a4af3,4,0.0,2.0339215496641274,50000_1_high_steady
44000,66.59,50000,25000,1,steady,33.295,99.885,moderate,1,p50000_w1_moderate_steady_r1,110,1790172864.046201,3,6.584153,6.35645,5.823525,66.59966462517885,3996,3996,0,0,1.085496,0.3281589018332626,0.0,0,40.33653846153846,43.616379310344826,45.5,58,60.000302141,3.6787931034482764,5.77,ca129a4af3,4,0.0,1.8846657012578654,50000_1_moderate_steady
44000,66.59,50000,25000,2,steady,33.295,99.885,moderate,5,p50000_w2_moderate_steady_r5,111,1790173030.1589856,3,6.615673,6.382966,5.83744,66.59925010465369,3996,3996,0,0,1.088481,0.32931076168486145,0.0,0,40.16346153846154,43.28879310344828,45.625,58,60.000675589,3.6512068965517246,5.83,ca129a4af3,4,0.0,1.8894415308650787,50000_2_moderate_steady
44000,66.59,100000,50000,1,steady,33.295,99.885,moderate,5,p100000_w1_moderate_steady_r5,112,1790173196.269063,3,6.573525,6.336487,5.822583,66.59924759500029,3996,3996,0,0,1.089588,0.32820589857311966,0.0,0,40.11538461538461,43.122844827586206,45.375,58,60.00067785,3.670172413793103,7.69,ca129a4af3,4,0.0,1.8830502182962974,100000_1_moderate_steady
44000,66.59,250000,125000,4,bursty,33.295,99.885,moderate,2,p250000_w4_moderate_bursty_r2,113,1790173362.3071997,3,6.501782,6.270582,5.692566,66.59775057439728,3996,3996,0,0,1.072628,0.32355332289138844,0.0,0,40.00961538461539,43.28448275862069,45.625,58,60.002026578,3.4696551724137934,4.76,ca129a4af3,4,0.0,1.8720762931744468,250000_4_moderate_bursty
44000,113.21,250000,125000,1,steady,56.605,169.815,high,2,p250000_w1_high_steady_r2,114,1790173523.4154491,3,5.991977,5.729387,5.023145,113.21453827108535,6793,6793,0,0,1.061039,0.4886650898411284,0.07083333333333333,17,40.13461538461539,46.27801724137931,47.875,58,60.00112798,4.792758620689655,5.66,ca129a4af3,4,0.0,1.7904214077562832,250000_1_high_steady
44000,113.21,100000,50000,2,steady,56.605,169.815,high,5,p100000_w2_high_steady_r5,115,1790173709.463922,3,6.226471,5.736781,5.00786,113.21569695912679,6793,6793,0,0,1.060872,0.4903559658982251,0.23666666666666666,142,40.05769230769231,46.30603448275862,48.25,58,60.000513908,4.806551724137931,5.77,ca129a4af3,4,0.0,1.8288097196559738,100000_2_high_steady
44000,66.59,0,0,4,steady,33.295,99.885,moderate,1,p0_w4_moderate_steady_r1,116,1790173885.4842694,3,6.614719,6.391261,5.865781,66.59916379865912,3996,3996,0,0,1.08521,0.33002536636179053,0.0,0,40.34615384615385,43.50646551724138,45.5,58,60.000753344,3.709827586206896,6.8,ca129a4af3,4,0.0,1.889297317450744,0_4_moderate_steady
44000,66.59,250000,125000,2,steady,33.295,99.885,moderate,5,p250000_w2_moderate_steady_r5,117,1790174046.5545309,3,6.556263,6.348075,5.824274,66.59905018210604,3996,3996,0,0,1.092879,0.32812025470214423,0.0,0,40.35576923076923,43.474137931034484,45.5,58,60.000855704,3.679310344827586,5.71,ca129a4af3,4,0.0,1.8804207760013052,250000_2_moderate_steady
44000,66.59,50000,25000,4,steady,33.295,99.885,moderate,5,p50000_w4_moderate_steady_r5,118,1790174212.6416423,3,6.663001,6.360062,5.843077,66.59912452009864,3996,3996,0,0,1.090666,0.3287686421825264,0.0,0,40.07692307692308,43.265086206896555,45.375,58,60.000788731,3.6758620689655164,7.69,ca129a4af3,4,0.0,1.8965699836629344,50000_4_moderate_steady
44000,113.21,250000,125000,2,bursty,56.605,169.815,high,5,p250000_w2_high_bursty_r5,119,1790174394.327167,3,725.077235,673.881149,236.170506,112.08072327409377,6793,6793,0,0,1.066461,0.41433753157877784,0.588477366255144,143,40.10576923076923,52.76271186440678,54.75,59,60.608102817,4.311864406779661,5.83,ca129a4af3,4,0.0,6.58627818021513,250000_2_high_bursty
44000,66.59,0,0,2,steady,33.295,99.885,moderate,1,p0_w2_moderate_steady_r1,120,1790174571.4487877,3,6.594742,6.342928,5.829572,66.59967136503164,3996,3996,0,0,1.087515,0.3285204280499693,0.0,0,40.40384615384615,43.58405172413793,45.875,58,60.000296069,3.6724137931034484,5.88,ca129a4af3,4,0.0,1.8862726648581813,0_2_moderate_steady
44000,66.59,100000,50000,1,steady,33.295,99.885,moderate,3,p100000_w1_moderate_steady_r3,121,1790174732.5019817,3,6.56595,6.358584,5.816431,66.59874365022037,3996,3996,0,0,1.083947,0.32810978616052666,0.0,0,40.67307692307692,43.484913793103445,45.625,58,60.001131868,3.6636206896551724,6.86,ca129a4af3,4,0.0,1.8818972040641138,100000_1_moderate_steady
44000,113.21,10000,5000,1,steady,56.605,169.815,high,1,p10000_w1_high_steady_r1,122,1790174898.6440923,3,19.008103,9.534016,5.426317,113.21548492909575,6793,6793,0,0,1.05821,0.48868382091809437,0.6340609898350275,3805,40.29807692307692,46.605603448275865,48.375,58,60.000626277,5.0312068965517245,10.58,ca129a4af3,4,0.0,2.9448653619365968,10000_1_high_steady
44000,66.59,100000,50000,1,steady,33.295,99.885,moderate,2,p100000_w1_moderate_steady_r2,123,1790175069.6523726,3,6.700365,6.448244,5.880956,66.59965222105608,3996,3996,0,0,1.081048,0.32999148735788464,0.0,0,40.66346153846154,43.678879310344826,46.125,58,60.000313316,3.68551724137931,5.71,ca129a4af3,4,0.0,1.9021620025250094,100000_1_moderate_steady
44000,113.21,50000,25000,1,steady,56.605,169.815,high,3,p50000_w1_high_steady_r3,124,1790175235.808746,3,7.030322,5.829797,5.039789,113.21427351316268,6793,6793,0,0,1.059557,0.48857572829830503,0.3005828476269775,361,40.49038461538461,46.918103448275865,48.75,58,60.001268296,4.808793103448275,11.76,ca129a4af3,4,0.0,1.9502325084720515,50000_1_high_steady
44000,66.59,0,0,4,steady,33.295,99.885,moderate,2,p0_w4_moderate_steady_r2,125,1790175416.7506588,3,6.649824,6.374549,5.843477,66.59910061799563,3996,3996,0,0,1.081999,0.3290013526367292,0.0,0,40.58653846153846,43.75431034482759,45.875,58,60.000810265,3.6917241379310344,5.71,ca129a4af3,4,0.0,1.894590388152114,0_4_moderate_steady
44000,113.21,10000,5000,2,steady,56.605,169.815,high,1,p10000_w2_high_steady_r1,126,1790175584.0084817,3,1296.248243,1276.969897,1202.89309,106.74777595603882,6793,6536,0,257,1.059547,0.49812501568975975,0.9573807968647943,5863,40.47115384615385,45.791666666666664,47.875,60,61.228441918,5.774333333333334,9.43,ca129a4af3,4,0.037833063447666716,7.167229404094409,10000_2_high_steady
44000,66.59,10000,5000,1,bursty,33.295,99.885,moderate,3,p10000_w1_moderate_bursty_r3,127,1790175757.1969228,3,6.676792,6.344873,5.690561,66.59868017399579,3996,3996,0,0,1.077106,0.3231067792341246,0.07334246039507139,375,40.60576923076923,44.02370689655172,46.125,58,60.001189056,3.516724137931035,5.77,ca129a4af3,4,0.0,1.898637632675665,10000_1_moderate_bursty
44000,66.59,50000,25000,1,steady,33.295,99.885,moderate,2,p50000_w1_moderate_steady_r2,128,1790175918.2927644,3,6.632281,6.37826,5.821205,66.5988226693428,3996,3996,0,0,1.087554,0.3282592251402671,0.0,0,40.67307692307692,43.68318965517241,46.0,58,60.001060677,3.693275862068966,7.62,ca129a4af3,4,0.0,1.8919487872610905,50000_1_moderate_steady
44000,113.21,50000,25000,1,bursty,56.605,169.815,high,4,p50000_w1_high_bursty_r4,129,1790176085.3702142,3,1000.938429,994.144572,497.367566,104.47712256240443,6793,6371,0,422,1.060504,0.4229635150834468,0.6459016393442623,788,40.47115384615385,51.144067796610166,52.5,59,60.979857061,4.523389830508474,6.54,ca129a4af3,4,0.06212277344325041,6.908693267932925,50000_1_high_bursty
44000,113.21,100000,50000,4,bursty,56.605,169.815,high,4,p100000_w4_high_bursty_r4,130,1790176263.9422505,3,4220.354597,3530.447282,184.898041,110.26960711728275,6793,6735,0,58,1.061242,0.43960150412192256,0.7152209492635024,437,40.61538461538461,49.436440677966104,50.625,59,61.077573196,4.604745762711865,5.66,ca129a4af3,4,0.008538201089356691,8.347674431225045,100000_4_high_bursty
44000,66.59,250000,125000,4,steady,33.295,99.885,moderate,4,p250000_w4_moderate_steady_r4,131,1790176446.1208935,3,6.597709,6.36247,5.824559,66.59890812533105,3996,3996,0,0,1.086474,0.32815270940853086,0.0,0,41.19230769230769,44.17456896551724,46.625,58,60.000983687,3.6967241379310347,5.77,ca129a4af3,4,0.0,1.8867224675597452,250000_4_moderate_steady
44000,66.59,10000,5000,1,steady,33.295,99.885,moderate,5,p10000_w1_moderate_steady_r5,132,1790176612.2171524,3,6.632517,6.357225,5.793518,66.59916694099036,3996,3996,0,0,1.089207,0.3274334383813034,0.04365939010164972,262,40.65384615384615,43.81681034482759,46.0,58,60.000750513,3.6741379310344833,6.73,ca129a4af3,4,0.0,1.8919843701625452,10000_1_moderate_steady
44000,113.21,0,0,4,bursty,56.605,169.815,high,2,p0_w4_high_bursty_r2,133,1790176778.358459,3,6.468132,6.154781,4.312433,113.21518570637012,6793,6793,0,0,1.05807,0.44851196576565733,0.0,0,40.61538461538461,50.775862068965516,52.75,58,60.000784856,4.581896551724138,5.71,ca129a4af3,4,0.0,1.866887349669882,0_4_high_bursty
44000,66.59,50000,25000,2,steady,33.295,99.885,moderate,3,p50000_w2_moderate_steady_r3,134,1790176979.436709,3,6.60716,6.358768,5.840602,66.5986731657343,3996,3996,0,0,1.083601,0.32855987798656994,0.0,0,40.88461538461539,43.94181034482759,46.25,58,60.00119537,3.6820689655172414,6.93,ca129a4af3,4,0.0,1.8881539094943496,50000_2_moderate_steady
44000,113.21,0,0,1,steady,56.605,169.815,high,5,p0_w1_high_steady_r5,135,1790177140.528095,3,5.925567,5.692511,4.994719,113.21610208249574,6793,6793,0,0,1.0583,0.49030073686621556,0.0,0,41.09615384615385,46.890086206896555,48.875,58,60.000299207,4.788965517241379,4.76,ca129a4af3,4,0.0,1.779276378645137,0_1_high_steady
44000,66.59,0,0,1,bursty,33.295,99.885,moderate,5,p0_w1_moderate_bursty_r5,136,1790177321.5344973,3,6.587271,6.317725,5.698906,66.59812862477474,3996,3996,0,0,1.07481,0.3234446348497484,0.0,0,40.75,44.03448275862069,46.25,58,60.001685971,3.4801724137931034,4.81,ca129a4af3,4,0.0,1.885139150454891,0_1_moderate_bursty
44000,66.59,0,0,1,steady,33.295,99.885,moderate,5,p0_w1_moderate_steady_r5,137,1790177492.680294,3,6.62902,6.37604,5.817383,66.59958823250585,3996,3996,0,0,1.085003,0.3282969698476612,0.0,0,40.39423076923077,43.7198275862069,46.125,58,60.000370964,3.6937931034482756,8.74,ca129a4af3,4,0.0,1.8914569803010148,0_1_moderate_steady
44000,113.21,50000,25000,2,bursty,56.605,169.815,high,1,p50000_w2_high_bursty_r1,138,1790177659.9726431,3,1245.665562,1225.639279,749.44639,95.79490722441393,6793,5866,0,927,1.064504,0.4362862910341643,0.7044897959183674,863,40.50961538461539,44.76875,46.75,60,61.234988059,4.649500000000001,13.46,ca129a4af3,4,0.13646400706609746,7.127425254009381,50000_2_high_bursty
44000,113.21,100000,50000,4,steady,56.605,169.815,high,1,p100000_w4_high_steady_r1,139,1790177832.1808367,3,5.929623,5.692079,5.001417,113.21615723358477,6793,6793,0,0,1.060166,0.48813159735905476,0.15333333333333332,92,40.43269230769231,46.83405172413793,48.75,58,60.000269979,4.771206896551725,4.76,ca129a4af3,4,0.0,1.779960635946497,100000_4_high_steady
44000,113.21,10000,5000,4,steady,56.605,169.815,high,1,p10000_w4_high_steady_r1,140,1790178003.2212715,3,179.999465,94.560208,10.278025,113.04220644586015,6793,6793,0,0,1.058312,0.4929194917333506,0.8560732113144759,5145,40.75,47.831896551724135,50.125,58,60.092599159,5.509655172413793,5.61,ca129a4af3,4,0.0,5.192953878663571,10000_4_high_steady
44000,113.21,0,0,1,bursty,56.605,169.815,high,1,p0_w1_high_bursty_r1,141,1790178194.320645,3,6.482211,6.178122,4.30224,113.21487722250792,6793,6793,0,0,1.05986,0.44749664840405595,0.0,0,40.73076923076923,50.98275862068966,53.125,58,60.000948344,4.5729310344827585,6.54,ca129a4af3,4,0.0,1.869061655871141,0_1_high_bursty
44000,113.21,50000,25000,1,bursty,56.605,169.815,high,2,p50000_w1_high_bursty_r2,142,1790178391.4216,3,1021.517293,1000.298646,505.372054,104.24194196769416,6793,6357,0,436,1.058587,0.42415785117115157,0.65,793,40.92307692307692,51.38135593220339,52.625,59,60.983130974,4.514406779661018,5.77,ca129a4af3,4,0.06418371853378478,6.929044343140324,50000_1_high_bursty
44000,66.59,10000,5000,2,bursty,33.295,99.885,moderate,3,p10000_w2_moderate_bursty_r3,143,1790178563.5749192,3,15.81636,6.497782,5.716394,66.59779297910967,3996,3996,0,0,1.073671,0.3228421556807618,0.08821233411397346,452,40.94230769230769,44.12931034482759,46.5,58,60.001988373,3.5141379310344827,5.83,ca129a4af3,4,0.0,2.7610448473695137,10000_2_moderate_bursty
44000,66.59,100000,50000,1,bursty,33.295,99.885,moderate,5,p100000_w1_moderate_bursty_r5,144,1790178729.6931736,3,6.58097,6.305155,5.702551,66.5980144279284,3996,3996,0,0,1.077564,0.3235092113696628,0.0033333333333333335,2,40.56730769230769,43.94181034482759,46.125,58,60.001788857,3.479827586206896,5.61,ca129a4af3,4,0.0,1.884182150885868,100000_1_moderate_bursty
44000,66.59,10000,5000,4,bursty,33.295,99.885,moderate,1,p10000_w4_moderate_bursty_r1,145,1790178895.8034372,3,6.568203,6.246089,5.654019,66.59891889308972,3996,3996,0,0,1.076501,0.32342369894574996,0.04365700861393892,223,40.47115384615385,43.814655172413794,46.625,58,60.000973986,3.4693103448275866,5.88,ca129a4af3,4,0.0,1.8822402791024657,10000_4_moderate_bursty
44000,66.59,100000,50000,1,bursty,33.295,99.885,moderate,4,p100000_w1_moderate_bursty_r4,146,1790179061.9492617,3,6.468369,6.26391,5.664023,66.59788963386366,3996,3996,0,0,1.073094,0.3228669580625459,0.0,0,40.31730769230769,43.67025862068966,45.875,58,60.001901291,3.468793103448276,6.6,ca129a4af3,4,0.0,1.86692399018033,100000_1_moderate_bursty
44000,66.59,0,0,1,bursty,33.295,99.885,moderate,3,p0_w1_moderate_bursty_r3,147,1790179228.0597973,3,6.468152,6.236769,5.684118,66.59786124076525,3996,3996,0,0,1.072758,0.3225637922928159,0.0,0,40.25,43.560344827586206,45.75,58,60.001926872,3.4760344827586205,6.86,ca129a4af3,4,0.0,1.866890441747947,0_1_moderate_bursty
44000,66.59,10000,5000,1,steady,33.295,99.885,moderate,1,p10000_w1_moderate_steady_r1,148,1790179394.1533968,3,6.608459,6.383711,5.805121,66.59961123364937,3996,3996,0,0,1.084172,0.32783669717954467,0.046825529078486916,281,40.18269230769231,43.359913793103445,45.625,58,60.000350242,3.6458620689655175,5.94,ca129a4af3,4,0.0,1.8883504950654353,10000_1_moderate_steady
44000,113.21,250000,125000,4,bursty,56.605,169.815,high,4,p250000_w4_high_bursty_r4,149,1790179581.0266063,3,964.850638,710.515109,165.961294,111.99708671984357,6793,6793,0,0,1.063857,0.41575489010446803,0.5843621399176955,142,40.13461538461539,52.65677966101695,54.75,59,60.653363395,4.329661016949152,9.43,ca129a4af3,4,0.0,6.871973310084827,250000_4_high_bursty
44000,66.59,100000,50000,4,bursty,33.295,99.885,moderate,4,p100000_w4_moderate_bursty_r4,150,1790179753.202817,3,6.594463,6.310144,5.70565,66.59769922042604,3996,3996,0,0,1.082684,0.32354360472892296,0.0066555740432612314,4,40.49038461538461,43.793103448275865,46.0,58,60.002072846,3.473793103448276,5.77,ca129a4af3,4,0.0,1.8862303575318426,100000_4_moderate_bursty
44000,66.59,0,0,4,bursty,33.295,99.885,moderate,2,p0_w4_moderate_bursty_r2,151,1790179919.324916,3,6.527485,6.268258,5.66898,66.59738577289939,3996,3996,0,0,1.071229,0.32321037088802446,0.0,0,40.33653846153846,43.63577586206897,45.875,58,60.002355252,3.4563793103448277,6.86,ca129a4af3,4,0.0,1.8760217236183803,0_4_moderate_bursty
44000,113.21,50000,25000,1,bursty,56.605,169.815,high,1,p50000_w1_high_bursty_r1,152,1790180086.328885,3,1002.828064,995.701319,503.22229,104.4786544118774,6793,6371,0,422,1.063236,0.42397168353305925,0.648360655737705,791,40.20192307692308,51.065677966101696,52.625,59,60.978962984,4.529322033898305,14.29,ca129a4af3,4,0.06212277344325041,6.910579351532755,50000_1_high_bursty
44000,113.21,250000,125000,4,steady,56.605,169.815,high,1,p250000_w4_high_steady_r1,153,1790180258.5075686,3,5.945591,5.7125,5.000247,113.21596990728386,6793,6793,0,0,1.060382,0.4897497512294613,0.05416666666666667,13,40.49038461538461,46.57543103448276,48.375,58,60.000369255,4.775689655172414,4.9,ca129a4af3,4,0.0,1.7826499364717472,250000_4_high_steady
44000,66.59,50000,25000,2,bursty,33.295,99.885,moderate,3,p50000_w2_moderate_bursty_r3,154,1790180429.486503,3,6.520049,6.286889,5.716097,66.5989881604629,3996,3996,0,0,1.06868,0.3239358054667999,0.0075,9,40.70192307692308,43.93103448275862,46.25,58,60.000911581,3.4867241379310348,5.66,ca129a4af3,4,0.0,1.874881891247745,50000_2_moderate_bursty
44000,66.59,250000,125000,2,steady,33.295,99.885,moderate,2,p250000_w2_moderate_steady_r2,155,1790180600.629589,3,6.555089,6.355944,5.821434,66.5996686855182,3996,3996,0,0,1.084695,0.3288166685145101,0.0,0,40.36538461538461,43.49568965517241,45.875,58,60.000298483,3.6848275862068967,6.67,ca129a4af3,4,0.0,1.8802416945453062,250000_2_moderate_steady
44000,66.59,250000,125000,1,steady,33.295,99.885,moderate,5,p250000_w1_moderate_steady_r5,156,1790180786.7744486,3,6.547183,6.33185,5.790785,66.5989246504733,3996,3996,0,0,1.090974,0.3273369051034375,0.0,0,40.10576923076923,43.41379310344828,45.75,58,60.000968799,3.6574137931034483,5.71,ca129a4af3,4,0.0,1.8790348808019304,250000_1_moderate_steady
44000,66.59,10000,5000,2,bursty,33.295,99.885,moderate,5,p10000_w2_moderate_bursty_r5,157,1790180952.8668108,3,21.961273,6.552265,5.681893,66.59884517935454,3996,3996,0,0,1.070304,0.32221792975824337,0.08078431372549019,412,40.25,43.45474137931034,45.75,58,60.001040397,3.496551724137931,4.95,ca129a4af3,4,0.0,3.089280583995799,10000_2_moderate_bursty
44000,66.59,10000,5000,1,steady,33.295,99.885,moderate,3,p10000_w1_moderate_steady_r3,158,1790181118.98379,3,6.584779,6.365898,5.807584,66.59935563902431,3996,3996,0,0,1.090644,0.3275525840703221,0.04315947342109648,259,40.125,43.27155172413793,45.375,58,60.000580511,3.664655172413793,6.8,ca129a4af3,4,0.0,1.8847607735082912,10000_1_moderate_steady
44000,66.59,100000,50000,2,steady,33.295,99.885,moderate,2,p100000_w2_moderate_steady_r2,159,1790181285.1100538,3,6.637018,6.402813,5.849692,66.5991374346116,3996,3996,0,0,1.081924,0.3300266060202637,0.0,0,40.14423076923077,43.48706896551724,46.0,58,60.000777096,3.699310344827586,8.74,ca129a4af3,4,0.0,1.892662766228816,100000_2_moderate_steady
44000,66.59,50000,25000,1,steady,33.295,99.885,moderate,5,p50000_w1_moderate_steady_r5,160,1790181476.2424583,3,6.561195,6.329296,5.805925,66.59954799885766,3996,3996,0,0,1.08843,0.32785622010665366,0.0,0,40.05769230769231,43.349137931034484,45.75,58,60.000407211,3.6912068965517246,5.88,ca129a4af3,4,0.0,1.8811727510001817,50000_1_moderate_steady
44000,66.59,0,0,2,steady,33.295,99.885,moderate,3,p0_w2_moderate_steady_r3,161,1790181642.3901086,3,6.598432,6.354877,5.820483,66.59950502359874,3996,3996,0,0,1.088581,0.3279508598455775,0.0,0,40.20192307692308,43.327586206896555,45.5,58,60.000445928,3.692241379310345,6.8,ca129a4af3,4,0.0,1.8868320450492133,0_2_moderate_steady
44000,66.59,0,0,4,bursty,33.295,99.885,moderate,1,p0_w4_moderate_bursty_r1,162,1790181808.535647,3,6.520639,6.280745,5.694489,66.59828282321585,3996,3996,0,0,1.076115,0.3231724085034478,0.0,0,40.15384615384615,43.49353448275862,45.875,58,60.001547046,3.4468965517241372,5.61,ca129a4af3,4,0.0,1.8749723772712434,0_4_moderate_bursty
44000,66.59,100000,50000,4,bursty,33.295,99.885,moderate,2,p100000_w4_moderate_bursty_r2,163,1790181984.6500506,3,6.525767,6.265757,5.677591,66.59834279014743,3996,3996,0,0,1.064224,0.32304541274834697,0.0016666666666666668,1,39.99038461538461,43.50431034482759,45.5,58,60.001493019,3.5213793103448277,6.6,ca129a4af3,4,0.0,1.8757584941932652,100000_4_moderate_bursty
44000,113.21,0,0,2,steady,56.605,169.815,high,5,p0_w2_high_steady_r5,164,1790182150.7519593,3,5.966621,5.727508,5.020122,113.21565496213928,6793,6793,0,0,1.060652,0.4896679712460734,0.0,0,40.04807692307692,46.519396551724135,48.25,58,60.000536165,4.7908620689655175,4.76,ca129a4af3,4,0.0,1.7861807705180255,0_2_high_steady
44000,113.21,50000,25000,2,bursty,56.605,169.815,high,4,p50000_w2_high_bursty_r4,165,1790182322.9063334,3,1242.380628,1221.258971,747.321012,95.61597051869545,6793,5850,0,943,1.066106,0.43536115989450747,0.7026143790849673,860,40.48076923076923,44.30508474576271,46.375,59,61.18224778,4.590338983050847,7.62,ca129a4af3,4,0.13881937288385102,7.124784679311111,50000_2_high_bursty
44000,66.59,250000,125000,2,steady,33.295,99.885,moderate,1,p250000_w2_moderate_steady_r1,166,1790182495.0836902,3,6.608186,6.391446,5.86275,66.59866801775982,3996,3996,0,0,1.085199,0.3298302183191526,0.0,0,40.00961538461539,43.23922413793103,46.25,58,60.001200008,3.691034482758621,6.8,ca129a4af3,4,0.0,1.8883091835222958,250000_2_moderate_steady
44000,113.21,100000,50000,2,steady,56.605,169.815,high,3,p100000_w2_high_steady_r3,167,1790182686.1687746,3,6.147163,5.772291,5.05435,113.21601461601288,6793,6793,0,0,1.058045,0.4888109835719527,0.18,108,39.79807692307692,46.14870689655172,48.0,58,60.000345561,4.780344827586207,5.94,ca129a4af3,4,0.0,1.8159906745734655,100000_2_high_steady
44000,66.59,50000,25000,4,bursty,33.295,99.885,moderate,4,p50000_w4_moderate_bursty_r4,168,1790182862.1319144,3,6.563756,6.328479,5.690316,66.59822306062138,3996,3996,0,0,1.071549,0.3232730136759543,0.009166666666666667,11,39.69230769230769,42.97844827586207,45.375,58,60.001600889,3.470172413793103,4.81,ca129a4af3,4,0.0,1.8815630000811119,50000_4_moderate_bursty
44000,113.21,0,0,1,bursty,56.605,169.815,high,3,p0_w1_high_bursty_r3,169,1790183028.2647545,3,6.470731,6.150327,4.306544,113.21469733851852,6793,6793,0,0,1.05954,0.44800516416174807,0.0,0,39.25961538461539,49.26293103448276,51.5,58,60.001043678,4.562931034482758,5.77,ca129a4af3,4,0.0,1.8672890851291652,0_1_high_bursty
44000,66.59,100000,50000,4,steady,33.295,99.885,moderate,1,p100000_w4_moderate_steady_r1,170,1790183224.3832593,3,6.605426,6.361454,5.821628,66.59942599286725,3996,3996,0,0,1.083301,0.3288367854554266,0.0,0,39.19230769230769,42.230603448275865,44.625,58,60.000517128,3.6686206896551723,5.88,ca129a4af3,4,0.0,1.8878914324879625,100000_4_moderate_steady
44000,113.21,10000,5000,2,bursty,56.605,169.815,high,5,p10000_w2_high_bursty_r5,171,1790183391.7021725,3,1315.965355,1290.467137,825.586665,92.1854440603266,6793,5651,0,1142,1.063783,0.4398110393193819,0.7378894144511499,4524,38.86538461538461,43.46875,45.0,60,61.300350154,5.1049999999999995,6.48,ca129a4af3,4,0.16811423524216104,7.182325785550885,10000_2_high_bursty
44000,66.59,10000,5000,2,bursty,33.295,99.885,moderate,4,p10000_w2_moderate_bursty_r4,172,1790183564.884087,3,6.535889,6.231314,5.64335,66.59873774968351,3996,3996,0,0,1.073245,0.3228548288165659,0.0427734375,219,38.63461538461539,41.74353448275862,43.875,58,60.001137184,3.4613793103448276,6.67,ca129a4af3,4,0.0,1.8773083745493542,10000_2_moderate_bursty
44000,113.21,0,0,4,bursty,56.605,169.815,high,4,p0_w4_high_bursty_r4,173,1790183725.9808497,3,6.467261,6.188077,4.286184,113.21526304459158,6793,6793,0,0,1.063126,0.4469430044151705,0.0,0,38.77884615384615,48.383620689655174,50.5,58,60.000743869,4.542413793103448,5.83,ca129a4af3,4,0.0,1.866752680394458,0_4_high_bursty
44000,66.59,10000,5000,2,steady,33.295,99.885,moderate,4,p10000_w2_moderate_steady_r4,174,1790183902.0492308,3,6.635911,6.360703,5.828052,66.59951206089487,3996,3996,0,0,1.079673,0.32813495286032246,0.055,330,38.67307692307692,41.577586206896555,43.875,58,60.000439588,3.665862068965517,5.94,ca129a4af3,4,0.0,1.8924959605444691,10000_2_moderate_steady
44000,66.59,100000,50000,1,bursty,33.295,99.885,moderate,2,p100000_w1_moderate_bursty_r2,175,1790184063.1866972,3,6.51028,6.301781,5.696481,66.59865896385321,3996,3996,0,0,1.075436,0.3237256095127744,0.0016666666666666668,1,38.49038461538461,41.55172413793103,44.125,58,60.001208165,3.477586206896552,5.66,ca129a4af3,4,0.0,1.87338246604823,100000_1_moderate_bursty
44000,113.21,100000,50000,1,steady,56.605,169.815,high,1,p100000_w1_high_steady_r1,176,1790184234.3253567,3,6.088433,5.796658,5.070442,113.21430283127356,6793,6793,0,0,1.063445,0.48832445978238515,0.165,99,37.89423076923077,44.394396551724135,46.0,58,60.001252758,4.8117241379310345,9.62,ca129a4af3,4,0.0,1.806390741551909,100000_1_high_steady
44000,66.59,250000,125000,1,bursty,33.295,99.885,moderate,3,p250000_w1_moderate_bursty_r3,177,1790184410.2700617,3,6.467747,6.229646,5.657084,66.59812730283906,3996,3996,0,0,1.075571,0.32322339164453345,0.0,0,37.93269230769231,41.04525862068966,43.5,58,60.001687162,3.4817241379310344,4.81,ca129a4af3,4,0.0,1.866827825303565,250000_1_moderate_bursty
44000,113.21,250000,125000,2,steady,56.605,169.815,high,2,p250000_w2_high_steady_r2,178,1790323963.3676007,7,5.953122,5.704905,4.989083,113.21482890129579,6793,6793,0,0,1.062412,0.4888009800295555,0.05,12,40.84615384615385,47.5301724137931,49.625,58,60.000973953,4.805172413793104,5.71,ca129a4af3,5,0.0,1.7839157878298941,250000_2_high_steady
44000,113.21,50000,25000,2,steady,56.605,169.815,high,3,p50000_w2_high_steady_r3,179,1790324134.3795853,7,6.862959,5.762938,5.021495,113.21498122769346,6793,6793,0,0,1.058597,0.4879540106940618,0.3025,363,41.52884615384615,47.93318965517241,50.0,58,60.000893224,4.806379310344827,4.76,ca129a4af3,5,0.0,1.9261386898448323,50000_2_high_steady
44000,66.59,250000,125000,2,steady,33.295,99.885,moderate,3,p250000_w2_moderate_steady_r3,180,1790324305.4035258,7,6.519221,6.305502,5.787996,66.59859807509103,3996,3996,0,0,1.083596,0.3270365051613157,0.0,0,41.76923076923077,44.83620689655172,47.0,58,60.001263022,3.6913793103448276,5.77,ca129a4af3,5,0.0,1.8747548902728264,250000_2_moderate_steady
44000,66.59,250000,125000,1,steady,33.295,99.885,moderate,3,p250000_w1_moderate_steady_r3,181,1790324471.5329967,7,6.634574,6.383512,5.857657,66.59907900688633,3996,3996,0,0,1.084554,0.3279842513960581,0.0,0,41.57692307692308,46.42025862068966,56.375,58,60.000829735,4.16155172413793,30.69,ca129a4af3,5,0.0,1.8922944607493186,250000_1_moderate_steady
44000,66.59,50000,25000,4,bursty,33.295,99.885,moderate,5,p50000_w4_moderate_bursty_r5,182,1790324637.6867206,7,6.518798,6.252746,5.661724,66.59755224581578,3996,3996,0,0,1.078044,0.32266255878424577,0.01,12,41.49038461538461,44.78879310344828,47.25,58,60.002205265,3.483103448275863,4.81,ca129a4af3,5,0.0,1.8746900031147162,50000_4_moderate_bursty
44000,66.59,100000,50000,2,bursty,33.295,99.885,moderate,5,p100000_w2_moderate_bursty_r5,183,1790324803.8280847,7,6.554442,6.307986,5.717762,66.59767739379132,3996,3996,0,0,1.066996,0.32359471260530603,0.01,6,41.29807692307692,44.69181034482759,47.25,58,60.002092511,3.506551724137931,5.71,ca129a4af3,5,0.0,1.880142987734128,100000_2_moderate_bursty
44000,66.59,250000,125000,1,bursty,33.295,99.885,moderate,4,p250000_w1_moderate_bursty_r4,184,1790325030.086762,7,6.549782,6.286414,5.681593,66.59831621142081,3996,3996,0,0,1.082808,0.32262326746140835,0.0,0,40.79807692307692,44.321120689655174,46.5,58,60.001516965,3.5046551724137927,4.95,ca129a4af3,5,0.0,1.8794317666505398,250000_1_moderate_bursty
44000,113.21,100000,50000,1,bursty,56.605,169.815,high,3,p100000_w1_high_bursty_r3,185,1790325197.0419247,7,839.977575,787.819778,310.945876,111.71637328503758,6793,6793,0,0,1.060964,0.41876336382785234,0.6167763157894737,375,40.95192307692308,56.269067796610166,58.5,59,60.805769112,4.426271186440678,5.66,ca129a4af3,5,0.0,6.733375195052432,100000_1_high_bursty
44000,66.59,100000,50000,2,steady,33.295,99.885,moderate,4,p100000_w2_moderate_steady_r4,186,1790325369.2278852,7,6.529477,6.330689,5.807852,66.59880136143298,3996,3996,0,0,1.08909,0.3278080908220008,0.0,0,41.42307692307692,44.81896551724138,47.0,58,60.001079874,3.720689655172414,13.73,ca129a4af3,5,0.0,1.8763268481971995,100000_2_moderate_steady
44000,113.21,0,0,1,bursty,56.605,169.815,high,5,p0_w1_high_bursty_r5,187,1790325535.368584,7,6.481957,6.151849,4.297557,113.21604371802931,6793,6793,0,0,1.059076,0.4472031114562737,0.0,0,41.23076923076923,51.422413793103445,53.5,58,60.000330138,4.567413793103449,8.57,ca129a4af3,5,0.0,1.8690224709423384,0_1_high_bursty
44000,113.21,10000,5000,2,bursty,56.605,169.815,high,1,p10000_w2_high_bursty_r1,188,1790325702.8176358,7,1260.215051,1177.544278,652.882374,101.20140489917127,6793,6201,0,592,1.059219,0.43512885182895616,0.7204634464751958,4415,42.10576923076923,49.354166666666664,51.25,60,61.273852929,5.154166666666666,15.69,ca129a4af3,5,0.08714853525688208,7.1390376607789605,10000_2_high_bursty
44000,66.59,50000,25000,1,bursty,33.295,99.885,moderate,3,p50000_w1_moderate_bursty_r3,189,1790325885.9876993,7,6.611251,6.368027,5.728845,66.5983899350845,3996,3996,0,0,1.076498,0.32450813874563444,0.019983347210657785,24,41.66346153846154,44.95474137931034,47.0,58,60.001450544,3.5075862068965518,5.05,ca129a4af3,5,0.0,1.8887728946553677,50000_1_moderate_bursty
44000,113.21,10000,5000,2,bursty,56.605,169.815,high,2,p10000_w2_high_bursty_r2,190,1790326048.4275212,7,1350.303112,1325.687264,887.927092,90.60103289745713,6793,5556,0,1237,1.061231,0.4463966576566068,0.7681773720247799,4712,41.84615384615385,45.36666666666667,47.25,60,61.323804181,4.8565,6.8,ca129a4af3,5,0.18209921978507287,7.2080843736373765,10000_2_high_bursty
44000,113.21,50000,25000,4,bursty,56.605,169.815,high,3,p50000_w4_high_bursty_r3,191,1790326242.8435893,7,1384.412268,1328.976911,795.190621,95.94860588025892,6793,5876,0,917,1.063671,0.4376448976625115,0.7110204081632653,871,41.34615384615385,45.313559322033896,47.25,59,61.241119098,4.6286440677966105,7.77,ca129a4af3,5,0.13499190343000148,7.233030973322619,50000_4_high_bursty
44000,66.59,100000,50000,4,steady,33.295,99.885,moderate,5,p100000_w4_moderate_steady_r5,192,1790326415.0330143,7,6.617016,6.398355,5.8412,66.59896063220076,3996,3996,0,0,1.084616,0.3287855831970992,0.0,0,41.18269230769231,44.41379310344828,46.875,58,60.000936382,3.7227586206896555,6.67,ca129a4af3,5,0.0,1.8896445130412047,100000_4_moderate_steady
44000,66.59,0,0,4,steady,33.295,99.885,moderate,3,p0_w4_moderate_steady_r3,193,1790326581.1904798,7,6.558022,6.340334,5.800008,66.59890048101258,3996,3996,0,0,1.089414,0.327585350884177,0.0,0,41.05769230769231,44.463362068965516,46.5,58,60.000990574,3.731379310344828,5.77,ca129a4af3,5,0.0,1.880689033098135,0_4_moderate_steady
44000,66.59,100000,50000,1,bursty,33.295,99.885,moderate,3,p100000_w1_moderate_bursty_r3,194,1790326807.5194304,7,6.578856,6.338425,5.721869,66.59813019533651,3996,3996,0,0,1.074896,0.32362915623949723,0.005,3,40.60576923076923,44.196120689655174,46.5,58,60.001684556,3.499827586206897,5.66,ca129a4af3,5,0.0,1.8838608700394215,100000_1_moderate_bursty
44000,66.59,100000,50000,4,bursty,33.295,99.885,moderate,3,p100000_w4_moderate_bursty_r3,195,1790326973.6439228,7,6.505662,6.27812,5.685078,66.59788706992626,3996,3996,0,0,1.080589,0.3219796469592575,0.0,0,40.69230769230769,44.189655172413794,46.375,58,60.001903601,3.520172413793104,5.77,ca129a4af3,5,0.0,1.8726728746573387,100000_4_moderate_bursty
44000,113.21,250000,125000,1,bursty,56.605,169.815,high,5,p250000_w1_high_bursty_r5,196,1790327140.2203417,7,481.042528,435.858788,155.523789,112.46881986802632,6793,6793,0,0,1.056246,0.4081928990168508,0.5578512396694215,135,40.69230769230769,58.16949152542373,61.5,59,60.398962201,4.3059322033898315,10.38,ca129a4af3,5,0.0,6.17595568199773,250000_1_high_bursty
44000,66.59,250000,125000,2,steady,33.295,99.885,moderate,4,p250000_w2_moderate_steady_r4,197,1790327317.3423657,7,6.606245,6.369806,5.829863,66.59947782790408,3996,3996,0,0,1.082713,0.3291916097769413,0.0,0,41.06730769230769,44.19396551724138,46.5,58,60.000470429,3.705344827586207,5.71,ca129a4af3,5,0.0,1.8880154137770893,250000_2_moderate_steady
44000,66.59,0,0,2,steady,33.295,99.885,moderate,5,p0_w2_moderate_steady_r5,198,1790327483.4741187,7,6.690504,6.429172,5.852172,66.59945231274396,3996,3996,0,0,1.088263,0.32965775549703813,0.0,0,40.86538461538461,44.060344827586206,46.5,58,60.000493416,3.704310344827586,5.71,ca129a4af3,5,0.0,1.9006892076253687,0_2_moderate_steady
44000,66.59,100000,50000,2,bursty,33.295,99.885,moderate,1,p100000_w2_moderate_bursty_r1,199,1790327649.6016226,7,6.487919,6.268844,5.683533,66.59855880829737,3996,3996,0,0,1.073681,0.32372669317044955,0.0016666666666666668,1,40.80769230769231,44.08405172413793,46.625,58,60.001298399,3.5206896551724136,6.6,ca129a4af3,5,0.0,1.869941832148249,100000_2_moderate_bursty
44000,113.21,10000,5000,4,steady,56.605,169.815,high,5,p10000_w4_high_steady_r5,200,1790327815.7883358,7,106.983431,70.759123,14.192197,113.20310679855002,6793,6793,0,0,1.059324,0.49380005162377394,0.8868521913014498,5322,40.57692307692308,47.57974137931034,49.375,58,60.007187012,5.688448275862069,6.6,ca129a4af3,5,0.0,4.672673972004045,10000_4_high_steady
44000,66.59,0,0,4,bursty,33.295,99.885,moderate,5,p0_w4_moderate_bursty_r5,201,1790327986.8401644,7,6.524841,6.279441,5.699311,66.59861550025197,3996,3996,0,0,1.070127,0.32346040039891183,0.0,0,40.86538461538461,44.19181034482759,46.375,58,60.001247323,3.492241379310345,5.71,ca129a4af3,5,0.0,1.8756165850957651,0_4_moderate_bursty
44000,113.21,0,0,2,bursty,56.605,169.815,high,4,p0_w2_high_bursty_r4,202,1790328152.9481797,7,6.483535,6.181764,4.310252,113.21603009255507,6793,6793,0,0,1.060386,0.4486941380825088,0.0,0,40.67307692307692,51.071120689655174,53.0,58,60.000337359,4.587413793103448,5.83,ca129a4af3,5,0.0,1.8692658863110403,0_2_high_bursty
44000,66.59,50000,25000,4,steady,33.295,99.885,moderate,3,p50000_w4_moderate_steady_r3,203,1790328329.0684657,7,6.595798,6.338354,5.798159,66.59951626662351,3996,3996,0,0,1.08988,0.3274736834508842,0.0,0,41.25,44.258620689655174,46.625,58,60.000435799,3.674137931034483,5.88,ca129a4af3,5,0.0,1.8864327796074267,50000_4_moderate_steady
44000,66.59,50000,25000,2,steady,33.295,99.885,moderate,1,p50000_w2_moderate_steady_r1,204,1790328500.2034454,7,6.602941,6.374432,5.815853,66.59944234732936,3996,3996,0,0,1.08967,0.3282045316161554,0.0,0,40.90384615384615,44.25,46.375,58,60.000502394,3.702758620689655,6.8,ca129a4af3,5,0.0,1.8875151558400893,50000_2_moderate_steady
44000,66.59,10000,5000,1,bursty,33.295,99.885,moderate,4,p10000_w1_moderate_bursty_r4,205,1790328666.387088,7,6.712711,6.326668,5.688571,66.59795351037661,3996,3996,0,0,1.073295,0.3228070286718171,0.07502930832356389,384,40.84615384615385,44.30818965517241,46.75,58,60.001843741,3.5662068965517246,6.8,ca129a4af3,5,0.0,1.9040028932329411,10000_1_moderate_bursty
44000,66.59,0,0,1,bursty,33.295,99.885,moderate,4,p0_w1_moderate_bursty_r4,206,1790328832.5424812,7,6.577583,6.349556,5.740258,66.59853400310018,3996,3996,0,0,1.068105,0.3242495276110747,0.0,0,40.84615384615385,44.36422413793103,46.625,58,60.001320747,3.5086206896551713,5.71,ca129a4af3,5,0.0,1.8836673526288255,0_1_moderate_bursty
44000,113.21,10000,5000,1,steady,56.605,169.815,high,5,p10000_w1_high_steady_r5,207,1790328998.6079612,7,13.438673,9.12506,5.374057,113.21162774353546,6793,6793,0,0,1.054101,0.48771430423273743,0.6215630728211965,3730,40.74038461538461,47.418103448275865,50.0,58,60.002670533,4.892931034482759,7.84,ca129a4af3,5,0.0,2.598136595101323,10000_1_high_steady
44000,113.21,250000,125000,1,bursty,56.605,169.815,high,4,p250000_w1_high_bursty_r4,208,1790329169.9979713,7,460.917021,421.723315,151.432049,112.48397846942152,6793,6793,0,0,1.059071,0.4069212024625488,0.5578512396694215,135,41.15384615384615,58.6271186440678,61.75,59,60.390822697,4.266610169491525,6.67,ca129a4af3,5,0.0,6.133218028964292,250000_1_high_bursty
44000,113.21,250000,125000,1,bursty,56.605,169.815,high,2,p250000_w1_high_bursty_r2,209,1790329347.6327336,7,476.300837,432.327265,152.308551,112.45306058545356,6793,6793,0,0,1.057345,0.40809027469478587,0.5578512396694215,135,41.35576923076923,58.557203389830505,61.875,59,60.407426571,4.296779661016949,6.67,ca129a4af3,5,0.0,6.1660496651010925,250000_1_high_bursty
44000,66.59,50000,25000,2,steady,33.295,99.885,moderate,4,p50000_w2_moderate_steady_r4,210,1790329524.803738,7,6.611709,6.377392,5.817129,66.5986311805737,3996,3996,0,0,1.088995,0.3279919361666192,0.0,0,41.45192307692308,44.4375,46.75,58,60.001233196,3.696206896551724,7.84,ca129a4af3,5,0.0,1.888842168100978,50000_2_moderate_steady
44000,113.21,100000,50000,4,bursty,56.605,169.815,high,1,p100000_w4_high_bursty_r1,211,1790329697.4779577,7,4353.542979,3528.514796,164.979069,110.16414156177169,6793,6764,1,28,1.065803,0.4380910658841316,0.7133550488599348,438,41.14423076923077,49.77708333333333,50.75,60,61.399289316,4.6185,5.77,ca129a4af3,5,0.0042691005446783455,8.378745270506606,100000_4_high_bursty
44000,113.21,10000,5000,4,bursty,56.605,169.815,high,2,p10000_w4_high_bursty_r2,212,1790329866.8608165,7,1212.824228,1157.376737,648.775717,101.51719652443649,6793,6207,0,586,1.061833,0.426564971004071,0.6811120196238757,4165,41.39423076923077,48.565677966101696,49.625,59,61.142350385,5.1679661016949145,6.6,ca129a4af3,5,0.0862652730752245,7.1007069916015,10000_4_high_bursty
44000,113.21,0,0,2,steady,56.605,169.815,high,3,p0_w2_high_steady_r3,213,1790330039.0459895,7,5.930923,5.699742,5.0112,113.21551250999364,6793,6793,0,0,1.059943,0.4896888809899135,0.0,0,41.41346153846154,47.57974137931034,49.25,58,60.00061166,4.801551724137931,5.71,ca129a4af3,5,0.0,1.7801798501386945,0_2_high_steady
44000,66.59,0,0,2,steady,33.295,99.885,moderate,4,p0_w2_moderate_steady_r4,214,1790330210.0754383,7,6.57242,6.359932,5.818863,66.59872217253763,3996,3996,0,0,1.085782,0.3284426158405911,0.0,0,41.49038461538461,44.60344827586207,47.0,58,60.001151218,3.717068965517242,7.69,ca129a4af3,5,0.0,1.8828821056193308,0_2_moderate_steady
44000,66.59,100000,50000,4,steady,33.295,99.885,moderate,4,p100000_w4_moderate_steady_r4,215,1790330436.358488,7,6.654554,6.398022,5.839598,66.59899014397269,3996,3996,0,0,1.08703,0.32877803516735066,0.0,0,40.89423076923077,44.22629310344828,46.625,58,60.000909794,3.6981034482758623,5.94,ca129a4af3,5,0.0,1.8953014323210762,100000_4_moderate_steady
44000,66.59,50000,25000,1,bursty,33.295,99.885,moderate,5,p50000_w1_moderate_bursty_r5,216,1790330602.506357,7,6.581322,6.348438,5.710656,66.5983005445667,3996,3996,0,0,1.071707,0.32350620930565477,0.014166666666666666,17,40.96153846153846,44.42025862068966,46.75,58,60.00153108,3.5224137931034485,4.85,ca129a4af3,5,0.0,1.8842356370112456,50000_1_moderate_bursty
44000,66.59,0,0,1,steady,33.295,99.885,moderate,1,p0_w1_moderate_steady_r1,217,1790330768.6425774,7,6.611654,6.389202,5.805282,66.59955646693379,3996,3996,0,0,1.089897,0.32737610905658543,0.0,0,40.93269230769231,44.32543103448276,46.5,58,60.000399582,3.7136206896551727,6.67,ca129a4af3,5,0.0,1.888833849490954,0_1_moderate_steady
44000,113.21,50000,25000,4,bursty,56.605,169.815,high,4,p50000_w4_high_bursty_r4,218,1790330935.988564,7,1381.703037,1320.054945,788.767882,96.16472834343553,6793,5884,0,909,1.064364,0.43775331501276077,0.7132352941176471,873,40.84615384615385,44.94703389830509,47.0,59,61.186675212,4.712372881355932,6.86,ca129a4af3,5,0.13381422052112468,7.231072102077144,50000_4_high_bursty
44000,113.21,250000,125000,4,steady,56.605,169.815,high,5,p250000_w4_high_steady_r5,219,1790331103.1593277,7,5.870992,5.657008,4.983487,113.2154896539062,6793,6793,0,0,1.060361,0.489362561858102,0.06666666666666667,16,40.875,47.02801724137931,49.0,58,60.000623773,4.785689655172414,8.65,ca129a4af3,5,0.0,1.770023614451245,250000_4_high_steady
44000,66.59,50000,25000,1,steady,33.295,99.885,moderate,3,p50000_w1_moderate_steady_r3,220,1790331274.126818,7,6.561654,6.327233,5.800884,66.59890462117613,3996,3996,0,0,1.083496,0.3271874874354855,0.0,0,41.20192307692308,44.34051724137931,46.625,58,60.000986844,3.7325862068965514,5.88,ca129a4af3,5,0.0,1.881242705321867,50000_1_moderate_steady
44000,66.59,250000,125000,1,bursty,33.295,99.885,moderate,2,p250000_w1_moderate_bursty_r2,221,1790331435.2770247,7,6.442121,6.214774,5.662522,66.59857149283079,3996,3996,0,0,1.073559,0.3222700027958253,0.0,0,41.44230769230769,44.286637931034484,46.5,58,60.001286971,3.497068965517242,4.81,ca129a4af3,5,0.0,1.8628578337192592,250000_1_moderate_bursty
44000,113.21,100000,50000,1,bursty,56.605,169.815,high,2,p100000_w1_high_bursty_r2,222,1790331602.2742643,7,849.828281,792.477514,311.970446,111.57059699790868,6793,6793,0,0,1.05954,0.4182952519770355,0.6223316912972086,379,40.82692307692308,56.17584745762712,58.5,59,60.885216919,4.446271186440677,5.83,ca129a4af3,5,0.0,6.7450343067221565,100000_1_high_bursty
44000,66.59,10000,5000,4,steady,33.295,99.885,moderate,4,p10000_w4_moderate_steady_r4,223,1790331774.4904728,7,6.595389,6.349082,5.808966,66.59960320400408,3996,3996,0,0,1.086006,0.32704268915836826,0.04466666666666667,268,41.34615384615385,44.44181034482759,46.875,58,60.000357476,3.6968965517241377,6.54,ca129a4af3,5,0.0,1.886370768508633,10000_4_moderate_steady
44000,113.21,250000,125000,4,bursty,56.605,169.815,high,3,p250000_w4_high_bursty_r3,224,1790331941.2241843,7,962.899358,727.505871,165.516266,112.06057146059527,6793,6793,0,0,1.068739,0.4153984889200954,0.5843621399176955,142,41.15384615384615,53.728813559322035,56.25,59,60.619001951,4.366440677966102,15.09,ca129a4af3,5,0.0,6.869948897510114,250000_4_high_bursty
44000,113.21,100000,50000,2,bursty,56.605,169.815,high,1,p100000_w2_high_bursty_r1,225,1790332119.3353212,7,3609.548652,1065.424951,280.566641,106.16473339869276,6793,6473,9,311,1.067297,0.4263293690592963,0.6540983606557377,399,41.29807692307692,49.61228813559322,50.875,59,60.971282956,4.503050847457628,9.52,ca129a4af3,5,0.0471073163550714,8.191338016363567,100000_2_high_bursty
44000,113.21,10000,5000,1,bursty,56.605,169.815,high,4,p10000_w1_high_bursty_r4,226,1790332292.669393,7,1038.266104,981.431859,434.67303,107.28770958107373,6793,6552,0,241,1.054689,0.4213162922889651,0.6645383104125737,4059,41.31730769230769,51.692796610169495,53.125,59,61.069436803,4.68949152542373,9.35,ca129a4af3,5,0.035477697629913145,6.945307393105718,10000_1_high_bursty
44000,66.59,100000,50000,4,bursty,33.295,99.885,moderate,1,p100000_w4_moderate_bursty_r1,227,1790332494.8295734,7,6.516793,6.273889,5.670867,66.59856286295212,3996,3996,0,0,1.072126,0.32360490662289315,0.0033333333333333335,2,41.32692307692308,44.65948275862069,47.0,58,60.001294746,3.500689655172413,6.73,ca129a4af3,5,0.0,1.8743823837646136,100000_4_moderate_bursty
44000,113.21,0,0,2,steady,56.605,169.815,high,4,p0_w2_high_steady_r4,228,1790332690.9879367,7,5.931446,5.696996,4.999837,113.21597242821068,6793,6793,0,0,1.0596,0.48966523269823964,0.0,0,40.95192307692308,47.25431034482759,49.25,58,60.000367919,4.815,4.85,ca129a4af3,5,0.0,1.7802680281409702,0_2_high_steady
44000,113.21,100000,50000,4,bursty,56.605,169.815,high,5,p100000_w4_high_bursty_r5,229,1790332868.0407448,7,4313.79784,3498.741776,165.326667,110.55155310908884,6793,6786,2,5,1.063878,0.4399776818713549,0.7133550488599348,438,41.24038461538461,49.78333333333333,50.875,60,61.383126778,4.600333333333333,5.66,ca129a4af3,5,0.0010304725452671868,8.369573964469524,100000_4_high_bursty
44000,66.59,50000,25000,1,bursty,33.295,99.885,moderate,4,p50000_w1_moderate_bursty_r4,230,1790333041.2363753,7,6.578506,6.338962,5.69309,66.59831099468501,3996,3996,0,0,1.079355,0.3237765860652679,0.006666666666666667,8,41.5,44.491379310344826,46.75,58,60.001521665,3.49051724137931,7.69,ca129a4af3,5,0.0,1.8838076678853601,50000_1_moderate_bursty
44000,113.21,100000,50000,4,steady,56.605,169.815,high,2,p100000_w4_high_steady_r2,231,1790333212.3483684,7,6.025128,5.718398,5.023138,113.21472828711306,6793,6793,0,0,1.060374,0.48847123313443397,0.19333333333333333,116,40.91346153846154,47.30818965517241,49.125,58,60.001027276,4.791896551724138,4.76,ca129a4af3,5,0.0,1.7959387239643287,100000_4_high_steady
44000,113.21,10000,5000,4,steady,56.605,169.815,high,4,p10000_w4_high_steady_r4,232,1790333383.408961,7,223.873594,119.736584,14.063164,113.19062154426605,6793,6793,0,0,1.056912,0.4932235762574954,0.9161946017994002,5499,41.26923076923077,48.56681034482759,50.125,58,60.013805979,5.591379310344828,4.81,ca129a4af3,5,0.0,5.411081580070814,10000_4_high_steady
44000,113.21,50000,25000,2,steady,56.605,169.815,high,1,p50000_w2_high_steady_r1,233,1790333559.4516122,7,6.354242,5.767737,5.018888,113.21488892496865,6793,6793,0,0,1.059427,0.48719599327110596,0.29333333333333333,352,41.20192307692308,47.9051724137931,52.875,58,60.000942142,4.8643103448275875,43.27,ca129a4af3,5,0.0,1.849122621366947,50000_2_high_steady
44000,113.21,50000,25000,2,steady,56.605,169.815,high,5,p50000_w2_high_steady_r5,234,1790333735.4249454,7,7.249608,5.763719,5.011355,113.21443284023994,6793,6793,0,0,1.060177,0.4890677517653126,0.32666666666666666,392,41.43269230769231,47.515086206896555,49.75,58,60.001183856,4.826896551724139,6.8,ca129a4af3,5,0.0,1.980947398439287,50000_2_high_steady
44000,66.59,10000,5000,4,steady,33.295,99.885,moderate,2,p10000_w4_moderate_steady_r2,235,1790333906.4143174,7,6.624385,6.388932,5.835855,66.59899432743607,3996,3996,0,0,1.083323,0.3284617958756255,0.04816666666666667,289,41.55769230769231,44.588362068965516,46.75,58,60.000906025,3.71,6.73,ca129a4af3,5,0.0,1.8907575373746182,10000_4_moderate_steady
44000,113.21,50000,25000,2,steady,56.605,169.815,high,4,p50000_w2_high_steady_r4,236,1790334072.5507793,7,7.39226,5.805505,5.038156,113.21512716736746,6793,6793,0,0,1.057593,0.48779955242806533,0.2841666666666667,341,41.29807692307692,47.76724137931034,49.875,58,60.00081588,4.814827586206896,4.72,ca129a4af3,5,0.0,2.000433506880995,50000_2_high_steady
44000,113.21,250000,125000,2,steady,56.605,169.815,high,4,p250000_w2_high_steady_r4,237,1790334243.5906856,7,5.948509,5.701768,5.009035,113.21563345702188,6793,6793,0,0,1.061484,0.4887943144582783,0.05416666666666667,13,41.44230769230769,47.78448275862069,49.875,58,60.000547562,4.778620689655172,6.73,ca129a4af3,5,0.0,1.7831405999197663,250000_2_high_steady
44000,66.59,100000,50000,4,steady,33.295,99.885,moderate,3,p100000_w4_moderate_steady_r3,238,1790334414.5240915,7,6.636762,6.372044,5.813625,66.59953428610662,3996,3996,0,0,1.086054,0.32866850896363126,0.0,0,41.56730769230769,44.741379310344826,47.125,58,60.000419565,3.7025862068965516,5.88,ca129a4af3,5,0.0,1.8926241939457087,100000_4_moderate_steady
44000,113.21,50000,25000,4,bursty,56.605,169.815,high,2,p50000_w4_high_bursty_r2,239,1790334581.83409,7,1384.647318,1326.299523,790.565967,95.92760520570806,6793,5869,0,924,1.063057,0.4377147374959457,0.7066993464052288,865,41.38461538461539,45.2521186440678,47.375,59,61.181554438,4.706271186440677,5.83,ca129a4af3,5,0.13602237597526867,7.233200742150818,50000_4_high_bursty
44000,113.21,0,0,4,steady,56.605,169.815,high,5,p0_w4_high_steady_r5,240,1790334754.0491128,7,5.961615,5.718278,5.020266,113.21467718665652,6793,6793,0,0,1.059334,0.4891136237308873,0.0,0,41.09615384615385,47.50646551724138,49.5,58,60.001054358,4.790862068965517,6.73,ca129a4af3,5,0.0,1.7853414175250264,0_4_high_steady
44000,113.21,50000,25000,2,bursty,56.605,169.815,high,3,p50000_w2_high_bursty_r3,241,1790334926.2467837,7,1248.717376,1224.472725,747.792055,95.60702865331275,6793,5845,0,948,1.064631,0.43558638748611567,0.7031888798037612,860,41.43269230769231,45.30084745762712,47.625,59,61.135672579,4.646779661016948,6.67,ca129a4af3,5,0.13955542470189902,7.1298722042961655,50000_2_high_bursty
44000,66.59,10000,5000,2,bursty,33.295,99.885,moderate,1,p10000_w2_moderate_bursty_r1,242,1790335098.455742,7,6.604496,6.244567,5.65101,66.59796898171935,3996,3996,0,0,1.074409,0.3226193278773124,0.045285238188590475,231,41.21153846153846,44.366379310344826,46.75,58,60.001829802,3.5203448275862064,6.67,ca129a4af3,5,0.0,1.8877506292339332,10000_2_moderate_bursty
44000,66.59,250000,125000,4,steady,33.295,99.885,moderate,2,p250000_w4_moderate_steady_r2,243,1790335264.602817,7,6.617162,6.362722,5.805066,66.59888543213289,3996,3996,0,0,1.08236,0.32799313297146054,0.0,0,41.03846153846154,44.14870689655172,46.5,58,60.001004132,3.6837931034482754,7.62,ca129a4af3,5,0.0,1.8896665771240677,250000_4_moderate_steady
44000,113.21,10000,5000,4,bursty,56.605,169.815,high,5,p10000_w4_high_bursty_r5,244,1790335432.10174,7,1329.801467,1243.231829,642.722389,101.60433737167179,6793,6232,0,561,1.058112,0.43859852462724885,0.7347570916204761,4507,40.92307692307692,48.6125,49.75,60,61.335964204,5.112333333333334,6.67,ca129a4af3,5,0.08258501398498454,7.192784937141155,10000_4_high_bursty
44000,113.21,250000,125000,2,bursty,56.605,169.815,high,4,p250000_w2_high_bursty_r4,245,1790335605.9229875,7,710.597277,657.464359,228.61333,112.0341493996559,6793,6793,0,0,1.062706,0.414634446725414,0.5843621399176955,142,41.14423076923077,53.61864406779661,55.75,59,60.633298297,4.337118644067797,5.77,ca129a4af3,5,0.0,6.566105851606604,250000_2_high_bursty
44000,66.59,10000,5000,2,steady,33.295,99.885,moderate,1,p10000_w2_moderate_steady_r1,246,1790335778.0694845,7,6.605078,6.356539,5.804193,66.59910599136093,3996,3996,0,0,1.086684,0.3273200318836028,0.049491751374770875,297,41.40384615384615,44.51077586206897,46.75,58,60.000805424,3.704827586206897,6.67,ca129a4af3,5,0.0,1.8878387471399878,10000_2_moderate_steady
44000,113.21,50000,25000,1,steady,56.605,169.815,high,5,p50000_w1_high_steady_r5,247,1790335944.2338269,7,7.464328,5.818965,5.030062,113.21600622298129,6793,6793,0,0,1.05693,0.49001154748334974,0.3541666666666667,425,41.15384615384615,47.42456896551724,49.5,58,60.000350009,4.826551724137932,5.66,ca129a4af3,5,0.0,2.0101354068453308,50000_1_high_steady
44000,113.21,250000,125000,1,bursty,56.605,169.815,high,3,p250000_w1_high_bursty_r3,248,1790336115.682394,7,494.909173,450.909094,161.565433,112.44359694333563,6793,6793,0,0,1.059529,0.40923359591990505,0.5619834710743802,136,41.40384615384615,58.720338983050844,61.875,59,60.412510669,4.291186440677966,5.83,ca129a4af3,5,0.0,6.204374256843655,250000_1_high_bursty
44000,113.21,10000,5000,4,bursty,56.605,169.815,high,4,p10000_w4_high_bursty_r4,249,1790336298.938234,7,1179.859668,1126.592371,583.481298,104.30283061021159,6793,6373,0,420,1.060577,0.4242697057886287,0.6714122074946817,4103,41.52884615384615,49.815677966101696,51.375,59,61.100930461,5.202711864406781,8.41,ca129a4af3,5,0.06182835271603121,7.073150784963793,10000_4_high_bursty
44000,66.59,100000,50000,4,bursty,33.295,99.885,moderate,5,p100000_w4_moderate_bursty_r5,250,1790336476.0509586,7,6.489344,6.248225,5.669005,66.59880775480346,3996,3996,0,0,1.078345,0.32313868008541713,0.0033333333333333335,2,41.50961538461539,44.72198275862069,47.25,58,60.001074114,3.4963793103448277,5.71,ca129a4af3,5,0.0,1.87016144702478,100000_4_moderate_bursty
44000,113.21,10000,5000,1,steady,56.605,169.815,high,2,p10000_w1_high_steady_r2,251,1790336642.1810896,7,51.263314,14.004973,5.647515,113.20961030222239,6793,6793,0,0,1.059748,0.4883734346858533,0.6567238793534411,3941,41.18269230769231,47.7823275862069,50.0,58,60.003739805,5.106206896551724,4.85,ca129a4af3,5,0.0,3.936975369645996,10000_1_high_steady
44000,113.21,10000,5000,1,bursty,56.605,169.815,high,3,p10000_w1_high_bursty_r3,252,1790336814.328796,7,1069.400584,1039.573645,547.0831,103.91708186896041,6793,6338,0,455,1.062311,0.41912661997466444,0.6685245901639344,4078,41.50961538461539,51.309322033898304,52.75,59,60.990935138,4.817796610169492,8.74,ca129a4af3,5,0.06698071544236714,6.974853568615099,10000_1_high_bursty
44000,66.59,250000,125000,1,steady,33.295,99.885,moderate,1,p250000_w1_moderate_steady_r1,253,1790336986.4331334,7,6.598825,6.322945,5.798265,66.59956327780378,3996,3996,0,0,1.088945,0.32716496626507596,0.0,0,41.63461538461539,44.71120689655172,47.0,58,60.000393446,3.6941379310344833,5.71,ca129a4af3,5,0.0,1.886891602880074,250000_1_moderate_steady
44000,66.59,0,0,2,bursty,33.295,99.885,moderate,1,p0_w2_moderate_bursty_r1,254,1790337152.5948553,7,6.45696,6.239881,5.655331,66.59803993643712,3996,3996,0,0,1.081515,0.3229313042405996,0.0,0,41.375,44.61422413793103,47.25,58,60.001765875,3.4763793103448277,4.81,ca129a4af3,5,0.0,1.8651586187978226,0_2_moderate_bursty
44000,66.59,100000,50000,2,bursty,33.295,99.885,moderate,3,p100000_w2_moderate_bursty_r3,255,1790337323.7205706,7,6.567234,6.334828,5.741605,66.59786456611184,3996,3996,0,0,1.067912,0.32483042718452115,0.006666666666666667,4,41.00961538461539,44.446120689655174,47.0,58,60.001923876,3.544310344827586,4.81,ca129a4af3,5,0.0,1.8820927392830051,100000_2_moderate_bursty
44000,66.59,250000,125000,1,bursty,33.295,99.885,moderate,1,p250000_w1_moderate_bursty_r1,256,1790337489.7582204,7,6.492335,6.268576,5.672138,66.59843892593173,3996,3996,0,0,1.076064,0.32219677753240344,0.0,0,41.08653846153846,44.349137931034484,46.75,58,60.001406406,3.4862068965517246,6.54,ca129a4af3,5,0.0,1.8706222502926662,250000_1_moderate_bursty
44000,113.21,100000,50000,2,steady,56.605,169.815,high,1,p100000_w2_high_steady_r1,257,1790337655.8781562,7,6.095051,5.73481,5.015498,113.21612228203816,6793,6793,0,0,1.057106,0.48923442166061626,0.175,105,40.96153846153846,47.27370689655172,49.125,58,60.000288502,4.803620689655172,6.8,ca129a4af3,5,0.0,1.8074771304125834,100000_2_high_steady
44000,66.59,10000,5000,4,steady,33.295,99.885,moderate,1,p10000_w4_moderate_steady_r1,258,1790337826.8927205,7,6.598953,6.368922,5.828833,66.59925449238516,3996,3996,0,0,1.088937,0.3286949852318148,0.05132477920346609,308,41.27884615384615,44.30603448275862,46.625,58,60.000671636,3.7086206896551728,6.73,ca129a4af3,5,0.0,1.8869110000846647,10000_4_moderate_steady
44000,113.21,250000,125000,1,steady,56.605,169.815,high,4,p250000_w1_high_steady_r4,259,1790337992.980226,7,5.973667,5.713048,4.995589,113.21576845804603,6793,6793,0,0,1.058104,0.49023428882140097,0.07468879668049792,18,41.0,47.44827586206897,50.5,58,60.000476016,4.812068965517242,6.67,ca129a4af3,5,0.0,1.7873609766935978,250000_1_high_steady
44000,66.59,50000,25000,1,steady,33.295,99.885,moderate,4,p50000_w1_moderate_steady_r4,260,1790338163.972884,7,6.569497,6.364495,5.826754,66.59971966180002,3996,3996,0,0,1.089443,0.32869411903374357,0.0,0,41.28846153846154,44.422413793103445,46.875,58,60.000252558,3.6975862068965517,5.71,ca129a4af3,5,0.0,1.8824372694438778,50000_1_moderate_steady
44000,113.21,250000,125000,4,bursty,56.605,169.815,high,1,p250000_w4_high_bursty_r1,261,1790338330.7199829,7,1105.442582,729.640304,158.174328,112.06843377855807,6793,6793,0,0,1.062666,0.4150257128456679,0.5843621399176955,142,41.16346153846154,53.71398305084746,55.875,59,60.61474914,4.330847457627119,6.73,ca129a4af3,5,0.0,7.0080010604592795,250000_4_high_bursty
44000,66.59,10000,5000,2,steady,33.295,99.885,moderate,3,p10000_w2_moderate_steady_r3,262,1790338533.006977,7,6.6232,6.379204,5.811312,66.59957923939827,3996,3996,0,0,1.086763,0.3279669086999037,0.0506582236293951,304,41.29807692307692,44.49353448275862,46.875,58,60.000379066,3.688103448275862,5.94,ca129a4af3,5,0.0,1.890578636842459,10000_2_moderate_steady
44000,113.21,100000,50000,1,bursty,56.605,169.815,high,1,p100000_w1_high_bursty_r1,263,1790338704.9600575,7,801.851931,753.527022,295.455871,111.7223049579269,6793,6793,0,0,1.05531,0.4168923405871318,0.6167763157894737,375,41.14423076923077,56.41101694915254,58.75,59,60.802540751,4.4116949152542375,6.8,ca129a4af3,5,0.0,6.6869239661329996,100000_1_high_bursty
44000,113.21,100000,50000,4,bursty,56.605,169.815,high,2,p100000_w4_high_bursty_r2,264,1790338878.5992057,7,4312.484715,3727.209897,171.343965,110.61251106466071,6793,6790,2,1,1.062234,0.44092817806491347,0.7182410423452769,441,41.625,50.05,51.25,60,61.385461144,4.652666666666665,7.55,ca129a4af3,5,0.00044163109082879436,8.369269516985508,100000_4_high_bursty
44000,66.59,250000,125000,1,steady,33.295,99.885,moderate,4,p250000_w1_moderate_steady_r4,265,1790339056.8443525,7,6.529972,6.319944,5.797773,66.59961789024233,3996,3996,0,0,1.08771,0.3278013714633497,0.0,0,41.46153846153846,44.685344827586206,47.0,58,60.000344245,3.701206896551724,5.71,ca129a4af3,5,0.0,1.8764026553771558,250000_1_moderate_steady
44000,66.59,10000,5000,4,bursty,33.295,99.885,moderate,5,p10000_w4_moderate_bursty_r5,266,1790339223.0236785,7,6.996253,6.448307,5.723911,66.59780695641619,3996,3996,0,0,1.070485,0.3236769367988351,0.07931236569642508,406,41.44230769230769,44.59698275862069,46.875,58,60.00197578,3.5505172413793105,8.57,ca129a4af3,5,0.0,1.9453747200244838,10000_4_moderate_bursty
44000,113.21,250000,125000,1,steady,56.605,169.815,high,5,p250000_w1_high_steady_r5,267,1790339389.1329007,7,5.984022,5.712603,5.019927,113.21529659364187,6793,6793,0,0,1.058481,0.49001897201343664,0.075,18,41.15384615384615,47.422413793103445,49.25,58,60.000726089,4.791724137931034,6.73,ca129a4af3,5,0.0,1.7890929171360062,250000_1_high_steady
44000,66.59,0,0,4,bursty,33.295,99.885,moderate,3,p0_w4_moderate_bursty_r3,268,1790339560.14708,7,6.565423,6.352553,5.739202,66.59862122983424,3996,3996,0,0,1.074106,0.3242326095868985,0.0,0,41.41346153846154,44.84698275862069,47.125,58,60.001242161,3.5458620689655174,5.71,ca129a4af3,5,0.0,1.8818169382761747,0_4_moderate_bursty
44000,113.21,0,0,4,steady,56.605,169.815,high,4,p0_w4_high_steady_r4,269,1790339726.2715113,7,5.925923,5.699874,5.005775,113.21478280475831,6793,6793,0,0,1.05972,0.48965057108152177,0.0,0,41.22115384615385,47.36206896551724,49.125,58,60.000998383,4.798793103448276,4.76,ca129a4af3,5,0.0,1.779336455479376,0_4_high_steady
44000,113.21,100000,50000,4,steady,56.605,169.815,high,3,p100000_w4_high_steady_r3,270,1790339897.2913566,7,6.007624,5.755426,5.030052,113.21577598117466,6793,6793,0,0,1.059433,0.4878487403336018,0.16,96,41.59615384615385,47.88577586206897,49.75,58,60.000472029,4.8051724137931044,6.6,ca129a4af3,5,0.0,1.7930293292810517,100000_4_high_steady
44000,113.21,50000,25000,4,steady,56.605,169.815,high,1,p50000_w4_high_steady_r1,271,1790340068.5918355,7,6.947612,5.789524,5.023668,113.21451728716906,6793,6793,0,0,1.060949,0.4877954984320302,0.2833333333333333,340,41.73076923076923,47.8125,48.625,58,60.001139101,4.805862068965517,6.67,ca129a4af3,5,0.0,1.9383980034113824,50000_4_high_steady
44000,113.21,50000,25000,1,bursty,56.605,169.815,high,5,p50000_w1_high_bursty_r5,272,1790340275.6954684,7,1003.268258,996.15961,505.751343,104.41803451853305,6793,6364,0,429,1.063298,0.4235398824027208,0.6472518457752255,789,41.54807692307692,52.40042372881356,53.75,59,60.947326095,4.5662711864406775,9.43,ca129a4af3,5,0.0631532459885176,6.911018207835155,50000_1_high_bursty
44000,113.21,0,0,2,bursty,56.605,169.815,high,3,p0_w2_high_bursty_r3,273,1790340437.859156,7,6.4965,6.187092,4.293832,113.21557936499863,6793,6793,0,0,1.061419,0.44729926053104224,0.0,0,42.31730769230769,51.939655172413794,54.125,58,60.000576229,4.563103448275862,6.73,ca129a4af3,5,0.0,1.871263570340654,0_2_high_bursty
44000,113.21,100000,50000,4,steady,56.605,169.815,high,5,p100000_w4_high_steady_r5,274,1790340613.9570944,7,6.011154,5.742364,5.03616,113.21458705244692,6793,6793,0,0,1.057702,0.48797868281708856,0.15166666666666667,91,42.11538461538461,48.377155172413794,50.5,58,60.001102127,4.790344827586208,4.81,ca129a4af3,5,0.0,1.793616743426068,100000_4_high_steady
44000,113.21,0,0,4,steady,56.605,169.815,high,1,p0_w4_high_steady_r1,275,1790340784.9426613,7,5.933848,5.702372,4.998917,113.2158408420196,6793,6793,0,0,1.058799,0.4866831585197203,0.0,0,42.02884615384615,48.581896551724135,50.375,58,60.000437655,4.8453448275862065,6.67,ca129a4af3,5,0.0,1.7806729064411309,0_4_high_steady
44000,66.59,50000,25000,2,steady,33.295,99.885,moderate,2,p50000_w2_moderate_steady_r2,276,1790340955.9484134,7,6.612597,6.366171,5.828143,66.59964039746167,3996,3996,0,0,1.086293,0.32823323669144944,0.0,0,42.16346153846154,45.484913793103445,47.5,58,60.000323968,3.7253448275862073,15.38,ca129a4af3,5,0.0,1.8889764662639719,50000_2_moderate_steady
44000,66.59,10000,5000,1,steady,33.295,99.885,moderate,4,p10000_w1_moderate_steady_r4,277,1790341122.0429518,7,6.593834,6.368926,5.821077,66.59870097901766,3996,3996,0,0,1.081832,0.32794853812192376,0.04565905682386269,274,41.92307692307692,45.0625,47.375,58,60.001170312,3.6984482758620687,6.73,ca129a4af3,5,0.0,1.8861349699316883,10000_1_moderate_steady
44000,66.59,100000,50000,2,steady,33.295,99.885,moderate,3,p100000_w2_moderate_steady_r3,278,1790341288.1047192,7,6.557073,6.348911,5.807032,66.59890436921442,3996,3996,0,0,1.088218,0.3277698256792434,0.0,0,41.76923076923077,44.92025862068966,47.25,58,60.000987071,3.680344827586207,5.88,ca129a4af3,5,0.0,1.880544314359665,100000_2_moderate_steady
44000,66.59,250000,125000,4,bursty,33.295,99.885,moderate,5,p250000_w4_moderate_bursty_r5,279,1790341449.2301147,7,6.518548,6.276263,5.672429,66.59771283585803,3996,3996,0,0,1.072558,0.3226499247198291,0.0,0,41.79807692307692,44.94396551724138,47.125,58,60.002060579,3.502931034482759,5.77,ca129a4af3,5,0.0,1.874651651750868,250000_4_moderate_bursty
44000,113.21,50000,25000,4,steady,56.605,169.815,high,3,p50000_w4_high_steady_r3,280,1790341615.3926177,7,6.925885,5.797972,5.027217,113.21437533979322,6793,6793,0,0,1.058356,0.4886225793502452,0.31666666666666665,380,41.46153846153846,47.797413793103445,49.75,58,60.00121433,4.797758620689655,6.48,ca129a4af3,5,0.0,1.9352658417418898,50000_4_high_steady
44000,113.21,250000,125000,2,steady,56.605,169.815,high,5,p250000_w2_high_steady_r5,281,1790341786.3553631,7,5.981725,5.715855,5.022135,113.2161240557489,6793,6793,0,0,1.058714,0.48906895753524166,0.07083333333333333,17,41.76923076923077,47.94827586206897,49.75,58,60.000287562,4.768965517241378,4.81,ca129a4af3,5,0.0,1.7887089879039715,250000_2_high_steady
44000,113.21,0,0,4,steady,56.605,169.815,high,3,p0_w4_high_steady_r3,282,1790341957.3704374,7,5.949373,5.710334,4.998506,113.21573186701178,6793,6793,0,0,1.057723,0.4886687509184656,0.0,0,41.83653846153846,48.116379310344826,49.875,58,60.000495408,4.796724137931034,7.55,ca129a4af3,5,0.0,1.7832858358536103,0_4_high_steady
44000,66.59,50000,25000,4,steady,33.295,99.885,moderate,2,p50000_w4_moderate_steady_r2,283,1790342133.403539,7,6.638479,6.390701,5.829048,66.59864099035191,3996,3996,0,0,1.087396,0.3286706372891152,0.0,0,41.89423076923077,45.01724137931034,47.25,58,60.001224358,3.7112068965517238,7.55,ca129a4af3,5,0.0,1.8928828709835983,50000_4_moderate_steady
44000,113.21,10000,5000,1,steady,56.605,169.815,high,4,p10000_w1_high_steady_r4,284,1790342304.5760694,7,14.091893,9.278346,5.416094,113.21424304408012,6793,6793,0,0,1.059627,0.48777730372418554,0.6155,3693,41.64423076923077,48.12068965517241,50.125,58,60.001284444,4.98396551724138,5.83,ca129a4af3,5,0.0,2.6455996674896194,10000_1_high_steady
44000,113.21,0,0,1,bursty,56.605,169.815,high,4,p0_w1_high_bursty_r4,285,1790342480.5724,7,6.474247,6.189481,4.29384,113.21535835187247,6793,6793,0,0,1.058602,0.4475885116237172,0.0,0,41.84615384615385,52.08405172413793,53.875,58,60.000693359,4.580689655172414,6.6,ca129a4af3,5,0.0,1.867832307386702,0_1_high_bursty
44000,113.21,50000,25000,4,bursty,56.605,169.815,high,5,p50000_w4_high_bursty_r5,286,1790342657.852193,7,1381.248823,1319.945507,777.655076,95.95934255553694,6793,5871,0,922,1.064328,0.4367279649761178,0.7058823529411765,864,42.26923076923077,46.07415254237288,48.375,59,61.182161566,4.720338983050848,5.71,ca129a4af3,5,0.13572795524804945,7.230743313139003,50000_4_high_bursty
44000,113.21,50000,25000,4,steady,56.605,169.815,high,2,p50000_w4_high_steady_r2,287,1790342820.0428154,7,6.898633,5.805707,5.033005,113.21462627115999,6793,6793,0,0,1.061005,0.48843410840864326,0.31666666666666665,380,42.20192307692308,48.33620689655172,50.125,58,60.001081342,4.807931034482759,4.81,ca129a4af3,5,0.0,1.9313232760336292,50000_4_high_steady
44000,66.59,10000,5000,4,bursty,33.295,99.885,moderate,3,p10000_w4_moderate_bursty_r3,288,1790342991.0633287,7,6.612544,6.267055,5.700814,66.59857885514576,3996,3996,0,0,1.072513,0.32305584540392585,0.06615776081424936,338,42.05769230769231,45.377155172413794,48.875,58,60.001280338,3.503275862068966,5.71,ca129a4af3,5,0.0,1.8889684512265517,10000_4_moderate_bursty
44000,113.21,10000,5000,1,bursty,56.605,169.815,high,1,p10000_w1_high_bursty_r1,289,1790343158.2863445,7,1132.526558,1097.234003,585.981085,101.13790494399424,6793,6165,0,628,1.058495,0.4159658066805654,0.6655732327374119,4058,41.75,51.21186440677966,53.125,59,60.956374402,4.776610169491525,5.71,ca129a4af3,5,0.09244810834682762,7.032206307854851,10000_1_high_bursty
44000,113.21,10000,5000,1,bursty,56.605,169.815,high,2,p10000_w1_high_bursty_r2,290,1790343326.4827714,7,1095.731751,1010.481735,468.880105,105.56291505048053,6793,6444,0,349,1.060482,0.421344116615069,0.6693416311824435,4087,42.19230769230769,51.851694915254235,53.375,59,61.04416496,4.744915254237289,9.35,ca129a4af3,5,0.05137641689974974,6.999177684813895,10000_1_high_bursty
44000,113.21,250000,125000,2,bursty,56.605,169.815,high,2,p250000_w2_high_bursty_r2,291,1790343509.1766105,7,734.333048,680.253276,214.176836,112.06645808762683,6793,6793,0,0,1.063987,0.41423217375417426,0.5843621399176955,142,42.02884615384615,54.49364406779661,56.625,59,60.615817756,4.341186440677966,5.77,ca129a4af3,5,0.0,6.598962669573105,250000_2_high_bursty
44000,66.59,10000,5000,4,steady,33.295,99.885,moderate,5,p10000_w4_moderate_steady_r5,292,1790343686.3832994,7,6.615445,6.38108,5.802697,66.59886409976374,3996,3996,0,0,1.08611,0.32766273695477705,0.04416666666666667,265,42.0,45.25646551724138,47.75,58,60.001023351,3.7329310344827586,7.62,ca129a4af3,5,0.0,1.8894070666572886,10000_4_moderate_steady
44000,113.21,0,0,2,bursty,56.605,169.815,high,5,p0_w2_high_bursty_r5,293,1790343852.4795659,7,6.451662,6.13009,4.310167,113.21541120210262,6793,6793,0,0,1.060038,0.447523996568514,0.0,0,41.80769230769231,52.07327586206897,54.25,58,60.00066535,4.586724137931034,6.73,ca129a4af3,5,0.0,1.8643377720339345,0_2_high_bursty
44000,113.21,10000,5000,4,steady,56.605,169.815,high,3,p10000_w4_high_steady_r3,294,1790344024.982569,7,1423.289363,1388.953591,1324.264698,101.74593658986309,6793,6240,0,553,1.064491,0.49949554820355424,0.9980436909031627,6122,42.36538461538461,46.58541666666667,48.875,60,61.329230524,5.4639999999999995,6.67,ca129a4af3,5,0.08140733107610776,7.260725924571522,10000_4_high_steady
44000,113.21,50000,25000,1,steady,56.605,169.815,high,2,p50000_w1_high_steady_r2,295,1790344193.1216695,7,7.009832,5.765755,4.999429,113.21625362924323,6793,6793,0,0,1.057956,0.4898700469926239,0.3475,417,42.16346153846154,48.11206896551724,50.0,58,60.000218893,4.801896551724138,6.67,ca129a4af3,5,0.0,1.9473137349961198,50000_1_high_steady
44000,113.21,50000,25000,4,steady,56.605,169.815,high,5,p50000_w4_high_steady_r5,296,1790344364.1912796,7,6.760913,5.771066,5.010388,113.21617448765213,6793,6793,0,0,1.060052,0.4897933049016464,0.3025,363,42.08653846153846,48.314655172413794,50.25,58,60.000260835,4.7956896551724135,6.48,ca129a4af3,5,0.0,1.9111579401068015,50000_4_high_steady
44000,66.59,100000,50000,1,bursty,33.295,99.885,moderate,1,p100000_w1_moderate_bursty_r1,297,1790344540.2024794,7,6.494972,6.272698,5.686238,66.59770846608848,3996,3996,0,0,1.078411,0.322492913090367,0.0,0,42.09615384615385,45.33405172413793,47.625,58,60.002064516,3.5165517241379316,7.62,ca129a4af3,5,0.0,1.8710283391048024,100000_1_moderate_bursty
44000,66.59,100000,50000,2,steady,33.295,99.885,moderate,1,p100000_w2_moderate_steady_r1,298,1790344706.3153687,7,6.594445,6.351513,5.814246,66.59905703727122,3996,3996,0,0,1.094974,0.32808772666460667,0.0,0,41.71153846153846,44.94181034482759,47.125,58,60.000849528,3.7486206896551724,5.88,ca129a4af3,5,0.0,1.8862276279654524,100000_2_moderate_steady
44000,113.21,10000,5000,1,steady,56.605,169.815,high,3,p10000_w1_high_steady_r3,299,1790344877.489135,7,20.43143,12.199127,5.661724,113.2151060983227,6793,6793,0,0,1.059188,0.48805071329888167,0.6386666666666667,3832,41.52884615384615,48.105603448275865,49.75,58,60.000827046,5.143275862068966,6.54,ca129a4af3,5,0.0,3.017074401485225,10000_1_high_steady
44000,113.21,10000,5000,4,bursty,56.605,169.815,high,3,p10000_w4_high_bursty_r3,300,1790345049.6724393,7,1169.284135,1109.266417,561.817338,105.35374641002115,6793,6440,0,353,1.054217,0.42563490904027207,0.680130825838103,4159,41.82692307692308,50.279661016949156,51.5,59,61.127394321,5.220338983050848,5.83,ca129a4af3,5,0.05196525835418814,7.064146990107592,10000_4_high_bursty
